country,region,un_region,year,gdp,cpia_regulation,cpia_gender,cpia_resources,cpia_transparency,cpia_inclusion,cpia_trade,education$,coll_enrollment,income_quintile2,income_quintile3,income_quintile4,income_quintile5,income_top10%,income_middle60%,income_difference_top-mid60,comm_import_capita,comm_export_capita
Afghanistan,South Asia,South Asia,2010,1771.2,2.5,2.0,3.0,2.0,2.6,3.0,4.51116,53.24683,11.9,16.3,22.1,41.95,27.0,50.5,-23.45,182.8417821605019,13.78106261754305
Albania,Europe,Europe & Central Asia,2005,5865.29,3.5,4.0,3.5,3.0,3.4,4.5,3.23872,76.88706,12.9,17.0,22.5,39.2,24.3,52.4,-28.1,868.1249535528461,218.5741366308405
Angola,Central Africa,Africa Western and Central,2010,6586.47,2.0,3.5,2.5,2.5,2.8,4.0,3.43897,28.78131,11.9,16.3,22.1,41.95,27.0,50.5,-23.45,776.541912675319,2251.8275198129104
Argentina,Latin America,Latin America & Caribbean,2005,13513.67,3.777777778,4.0,3.555555556,3.444444444,3.575,4.222222222222222,3.47405,94.00599,8.4,13.7,22.1,52.0,34.9,44.2,-9.300000000000004,734.2787248364182,1026.5132277674145
Argentina,Latin America,Latin America & Caribbean,2006,14896.73,3.722222222,4.0,3.611111111,3.444444444,3.5875,4.111111111111111,3.65499,93.34507,8.7,14.2,22.5,50.6,33.7,45.4,-11.699999999999996,865.1536505786645,1179.07641825332
Argentina,Latin America,Latin America & Caribbean,2007,16510.45,3.777777778,3.833333333,3.666666667,3.444444444,3.5625,4.277777777777778,3.89634,93.70675,8.7,14.2,22.4,50.6,33.7,45.3,-11.599999999999994,1121.1484943453988,1398.821962252036
Argentina,Latin America,Latin America & Caribbean,2008,17336.93,3.666666667,3.833333333,3.666666667,3.444444444,3.611111111,4.277777777777778,4.33781,95.24628,9.1,14.5,22.7,49.4,32.4,46.3,-13.9,1426.779161692068,1738.57209170068
Argentina,Latin America,Latin America & Caribbean,2009,16249.73,3.611111111,3.777777778,3.611111111,3.5,3.566666667,4.277777777777778,4.88998,98.83082,9.4,15.0,23.0,48.3,31.2,47.4,-16.2,953.3438098464328,1368.3919005883788
Argentina,Latin America,Latin America & Caribbean,2010,18063.91,3.666666667,3.666666667,3.666666667,3.388888889,3.555555556,4.277777777777778,4.60637,101.80112,9.4,14.9,22.6,48.6,31.7,46.900000000000006,-15.200000000000006,1392.3641136132326,1671.4153532373489
Argentina,Latin America,Latin America & Caribbean,2011,19322.23,3.5,3.722222222,3.611111111,3.388888889,3.533333333,4.222222222222222,4.98631,103.59968,9.6,15.0,22.7,47.8,31.0,47.3,-16.299999999999997,1792.4863135092794,2011.102635459844
Argentina,Latin America,Latin America & Caribbean,2012,19641.35,3.444444444,3.611111111,3.611111111,3.388888889,3.533333333,4.222222222222222,5.09904,105.19255,9.9,15.4,23.2,46.5,29.7,48.5,-18.8,1628.771727310807,1916.5135553836649
Argentina,Latin America,Latin America & Caribbean,2013,20131.68,3.444444444,3.555555556,3.611111111,3.5,3.533333333,4.222222222222222,5.3441,106.32314,10.0,15.6,23.3,46.1,29.4,48.900000000000006,-19.500000000000007,1763.8997210975967,1799.9454625845335
Armenia,Europe,Europe & Central Asia,2005,5339.9,4.0,4.5,4.5,2.5,4.2,4.5,2.71203,91.05856,11.8,15.2,20.2,44.7,30.8,47.2,-16.400000000000002,555.1051956422291,307.4833259277393
Armenia,Europe,Europe & Central Asia,2006,6274.03,4.0,4.5,4.5,3.5,4.2,4.5,2.71577,93.88583,13.1,17.0,22.1,38.8,24.5,52.2,-27.700000000000003,725.051485121689,331.72501210975366
Armenia,Europe,Europe & Central Asia,2007,7380.23,4.0,4.5,4.5,3.5,4.2,4.5,3.01894,94.87297,12.8,16.7,22.1,40.0,25.1,51.6,-26.5,1016.0340364925628,373.1943404208437
Armenia,Europe,Europe & Central Asia,2008,8097.31,4.0,4.5,4.5,3.0,4.1,4.5,3.17273,92.70561,13.1,17.0,22.4,38.4,23.7,52.5,-28.8,1374.6692156420431,353.6251652046426
Armenia,Europe,Europe & Central Asia,2009,7045.33,4.0,4.5,4.5,3.0,4.1,4.5,3.84079,96.63288,13.5,17.2,22.4,37.5,22.9,53.1,-30.2,1070.956216585658,230.74260262807763
Armenia,Europe,Europe & Central Asia,2010,7331.39,4.0,4.5,4.5,3.0,4.1,4.5,3.249,96.59815,13.0,16.8,21.7,39.4,25.0,51.5,-26.5,1283.5679974802235,343.28722465824
Australia,Pacific,East Asia & Pacific,2005,33018.16,3.181818182,3.318181818,3.5,2.863636364,3.14,3.727272727272727,4.91266,148.36611,11.9,16.3,22.1,41.95,27.0,50.5,-23.45,6206.185926897189,5254.094777409193
Australia,Pacific,East Asia & Pacific,2008,37517.85,3.045454545,3.363636364,3.409090909,3.0,3.181818182,3.8181818181818175,4.63529,128.03405,11.6,15.9,22.5,42.7,27.4,50.0,-22.6,9441.168794644918,8793.414452375358
Australia,Pacific,East Asia & Pacific,2010,39363.62,3.045454545,3.363636364,3.727272727,3.0,3.263636364,3.954545454545455,5.56894,132.4567,11.8,16.1,22.7,42.0,26.5,50.6,-24.1,9155.120847277223,9627.411635299057
Azerbaijan,Europe,Europe & Central Asia,2005,6740.42,3.5,4.0,3.5,2.5,3.4,4.0,2.97462,96.59815,13.9,16.6,20.9,37.8,24.2,51.4,-27.2,501.82108962862776,518.0206041576052
Azerbaijan,Europe,Europe & Central Asia,2010,14678.77,4.0,4.0,4.0,2.5,3.8,3.5,2.78062,98.80386,11.9,16.3,22.1,41.95,27.0,50.5,-23.45,728.5790675667736,2350.081704536569
Bangladesh,South Asia,South Asia,2005,2074.01,3.5,4.0,3.5,2.5,3.6,3.0,4.81376,45.51679,12.2,15.6,20.9,42.5,28.0,48.7,-20.7,89.63376725954721,66.22249554138492
Bangladesh,South Asia,South Asia,2010,2906.05,3.5,4.0,3.5,3.0,3.6,3.0,4.81376,50.11942,12.5,16.0,21.2,41.5,26.9,49.7,-22.800000000000004,205.56372639608887,129.59656950271133
Barbados,Caribbean,Latin America & Caribbean,2005,15202.85,3.777777778,4.0,3.555555556,3.444444444,3.575,4.222222222222222,5.55673,108.55,11.9,16.3,22.1,41.95,27.0,50.5,-23.45,6204.107159423625,1340.5289653662464
Barbados,Caribbean,Latin America & Caribbean,2010,16568.37,3.666666667,3.666666667,3.666666667,3.388888889,3.555555556,4.277777777777778,5.87482,101.90247,11.9,16.3,22.1,41.95,27.0,50.5,-23.45,4354.510551088235,1141.8708169676495
Belarus,Europe,Europe & Central Asia,2005,9647.12,3.55,4.1,3.6,2.65,3.62,3.95,5.87103,96.59815,13.8,17.8,23.0,36.5,21.8,54.6,-32.8,1727.947420895155,1653.2865510509976
Belarus,Europe,Europe & Central Asia,2009,14050.57,3.777777778,4.277777778,3.777777778,2.611111111,3.733333333,4.388888888888889,4.51673,109.52856,13.8,17.7,22.4,37.0,22.6,53.9,-31.3,3005.812206595492,2241.463186759482
Belarus,Europe,Europe & Central Asia,2010,15361.83,3.777777778,4.277777778,3.833333333,2.666666667,3.755555556,4.333333333333333,5.41014,107.05787,13.4,17.5,22.8,37.5,22.9,53.7,-30.800000000000004,3678.306004026219,2665.953133310192
Belarus,Europe,Europe & Central Asia,2011,16563.2,3.75,4.1875,3.875,2.875,3.7375,4.1875,4.84382,106.30808,13.9,17.8,22.8,36.3,21.9,54.5,-32.6,4836.271723631931,4377.534853090526
Belarus,Europe,Europe & Central Asia,2012,18105.29,3.75,4.25,3.875,3.0,3.75,4.3125,5.12106,107.00487,14.0,17.9,22.5,36.1,21.8,54.4,-32.599999999999994,4912.162040285234,4875.699652243355
Belarus,Europe,Europe & Central Asia,2013,18994.19,3.75,4.1875,3.8125,3.0,3.725,4.3125,5.17594,106.22801,14.0,17.8,22.5,36.2,22.1,54.3,-32.2,4555.937064204115,3939.6594336396806
Belarus,Europe,Europe & Central Asia,2014,19008.0,3.3,4.0,3.5,2.7,3.58,4.0,4.98751,107.0318,14.0,17.7,22.4,36.7,22.6,54.1,-31.499999999999996,4286.637614482276,3818.64629521147
Belgium,Europe,Europe & Central Asia,2005,33177.89,3.55,4.1,3.6,2.65,3.62,3.95,5.769,108.35425,13.6,17.3,22.2,38.2,23.9,53.1,-29.2,30451.1044995728,32035.88584810381
Belgium,Europe,Europe & Central Asia,2006,35256.93,3.45,4.1,3.6,2.65,3.6,4.0,5.84036,108.50358,13.9,17.7,22.7,36.9,22.4,54.3,-31.9,33475.07257945092,34777.86812859892
Belgium,Europe,Europe & Central Asia,2007,36795.85,3.75,4.3125,3.75,2.625,3.7375,4.1875,5.84903,107.87072,13.6,17.4,22.3,38.0,23.5,53.3,-29.8,38871.39673809725,40632.037676388376
Belgium,Europe,Europe & Central Asia,2008,37883.33,3.875,4.375,3.75,2.5625,3.7875,4.3125,6.29139,106.41283,13.9,17.6,22.7,37.2,22.7,54.2,-31.500000000000004,43542.4079861826,44052.19509834432
Belgium,Europe,Europe & Central Asia,2009,37749.91,3.777777778,4.277777778,3.777777778,2.611111111,3.733333333,4.388888888888889,6.41536,105.69595,13.9,17.7,22.7,37.2,22.7,54.3,-31.6,32842.735921099564,34351.820876278995
Belgium,Europe,Europe & Central Asia,2010,39838.04,3.777777778,4.277777778,3.833333333,2.666666667,3.755555556,4.333333333333333,6.40799,105.78588,13.9,17.8,22.5,37.2,22.7,54.2,-31.500000000000004,25957.74609244789,25214.269810232145
Belgium,Europe,Europe & Central Asia,2011,40942.37,3.75,4.1875,3.875,2.875,3.7375,4.1875,6.37874,106.48113,14.0,18.0,22.7,36.8,22.4,54.7,-32.300000000000004,30947.020326525257,29677.58550228224
Belize,Latin America,Latin America & Caribbean,2010,9623.87,3.666666667,3.666666667,3.666666667,3.388888889,3.555555556,4.277777777777778,6.621,75.35979,11.9,16.3,22.1,41.95,27.0,50.5,-23.45,2193.34278282615,947.1828043501208
Benin,Western Africa,Africa Western and Central,2005,2011.4,4.0,3.0,3.0,3.5,3.2,4.5,3.63079,34.58277,11.9,16.3,22.1,41.95,27.0,50.5,-23.45,110.27728001223154,35.36393318345762
Bhutan,South Asia,South Asia,2005,3968.93,3.5,4.5,4.0,4.0,4.2,3.0,7.0781,45.72123,11.9,16.3,22.1,41.95,27.0,50.5,-23.45,583.442398348919,389.50600235481056
Bhutan,South Asia,South Asia,2010,6504.35,3.5,4.0,4.0,4.5,4.1,3.0,4.02447,66.11239,11.9,16.3,22.1,41.95,27.0,50.5,-23.45,1210.1832871260185,586.0709579938655
Botswana,Southern Africa,Africa Eastern and Southern,2005,10907.14,3.055555556,3.25,3.277777778,2.805555556,3.144444444,3.4166666666666665,10.67859,78.52549,11.9,16.3,22.1,41.95,27.0,50.5,-23.45,1670.7129400937338,2340.770911667169
Brazil,Latin America,Latin America & Caribbean,2005,10954.86,3.777777778,4.0,3.555555556,3.444444444,3.575,4.222222222222222,4.4767,101.29199,6.5,11.1,18.7,60.7,44.6,36.3,8.300000000000004,421.3246102323923,634.8703268377482
Brazil,Latin America,Latin America & Caribbean,2007,12522.52,3.777777778,3.833333333,3.666666667,3.444444444,3.5625,4.277777777777778,4.97835,95.17,6.9,11.6,19.2,59.3,43.2,37.7,5.5,671.5116005705289,837.701221058643
Brazil,Latin America,Latin America & Caribbean,2008,13281.07,3.666666667,3.833333333,3.666666667,3.444444444,3.611111111,4.277777777777778,5.2727,96.72012,7.1,11.8,19.3,58.6,42.5,38.2,4.299999999999997,954.577621802306,1016.049566565393
Brazil,Latin America,Latin America & Caribbean,2009,13222.75,3.611111111,3.777777778,3.611111111,3.5,3.566666667,4.277777777777778,5.47154,96.66548,7.2,11.9,19.4,58.2,42.2,38.5,3.700000000000003,695.9659998491961,780.349510706615
Brazil,Latin America,Latin America & Caribbean,2011,14989.16,3.5,3.722222222,3.611111111,3.388888889,3.533333333,4.222222222222222,5.73952,95.26338,7.5,12.2,19.5,57.5,41.7,39.2,2.5,1204.4593113923252,1279.9407132371502
Brazil,Latin America,Latin America & Caribbean,2012,14994.34,3.444444444,3.611111111,3.611111111,3.388888889,3.533333333,4.222222222222222,5.91431,95.58373,7.4,12.0,19.2,58.1,42.4,38.6,3.800000000000004,1177.153590464961,1199.8964372463777
Bulgaria,Europe,Europe & Central Asia,2005,10291.42,3.55,4.1,3.6,2.65,3.62,3.95,4.11536,90.45072,11.9,16.3,22.1,41.95,27.0,50.5,-23.45,2371.3956288128484,1532.755222110748
Bulgaria,Europe,Europe & Central Asia,2006,11406.49,3.45,4.1,3.6,2.65,3.6,4.0,3.91204,91.37149,12.6,17.1,22.9,41.8,26.6,52.6,-26.0,3061.2632552569903,1986.766657167944
Bulgaria,Europe,Europe & Central Asia,2007,12820.81,3.75,4.3125,3.75,2.625,3.7375,4.1875,3.65297,91.69475,11.9,16.3,22.3,43.0,27.9,50.5,-22.6,3987.281621976378,2461.8021651250083
Bulgaria,Europe,Europe & Central Asia,2008,14346.9,3.875,4.375,3.75,2.5625,3.7875,4.3125,4.20479,90.61116,12.6,16.9,22.6,41.0,25.7,52.1,-26.4,4940.28228612353,3001.044510281598
Bulgaria,Europe,Europe & Central Asia,2009,14181.95,3.777777778,4.277777778,3.777777778,2.611111111,3.733333333,4.388888888888889,4.29411,89.52446,12.5,17.0,22.8,40.9,25.7,52.3,-26.6,3135.3335027214257,2216.756833654311
Bulgaria,Europe,Europe & Central Asia,2010,14956.36,3.777777778,4.277777778,3.833333333,2.666666667,3.755555556,4.333333333333333,3.91536,90.42465,12.1,16.7,22.7,42.2,26.9,51.5,-24.6,3429.051009931717,2786.5227895671464
Bulgaria,Europe,Europe & Central Asia,2011,15747.08,3.75,4.1875,3.875,2.875,3.7375,4.1875,3.59234,93.18286,12.7,17.1,22.7,41.1,26.0,52.5,-26.5,4421.905421614278,3832.874600453328
Bulgaria,Europe,Europe & Central Asia,2012,16327.86,3.75,4.25,3.875,3.0,3.75,4.3125,3.52336,93.17964,12.2,16.6,22.4,42.7,27.4,51.2,-23.800000000000004,4481.745914391242,3654.419570625775
Burkina Faso,Western Africa,Africa Western and Central,2005,1176.36,3.0,3.5,4.0,3.5,3.6,4.0,4.43259,14.3003,11.9,16.3,22.1,41.95,27.0,50.5,-23.45,84.05689713866124,25.170490160619025
Burkina Faso,Western Africa,Africa Western and Central,2010,1454.58,3.5,3.5,4.0,3.5,3.6,4.0,3.93896,21.9022,11.9,16.3,22.1,41.95,27.0,50.5,-23.45,141.2603615375714,84.25450041022297
Burkina Faso,Western Africa,Africa Western and Central,2014,1637.93,3.5,3.5,4.0,3.5,3.6,4.0,4.50015,30.33527,11.7,15.0,20.6,44.3,29.6,47.3,-17.699999999999996,197.35570207875227,143.29114239188212
Burundi,Eastern Africa,Africa Eastern and Southern,2005,567.7,2.5,3.5,3.0,3.0,3.0,3.0,3.63169,12.69901,11.9,16.3,22.1,41.95,27.0,50.5,-23.45,34.93806404061025,15.395574751985215
Burundi,Eastern Africa,Africa Eastern and Southern,2010,630.36,2.5,4.0,3.5,2.0,3.4,4.0,6.79287,22.82431,11.9,16.3,22.1,41.95,27.0,50.5,-23.45,44.27134000836018,12.94637617372506
Burundi,Eastern Africa,Africa Eastern and Southern,2013,696.5,3.0,4.0,4.0,2.0,3.6,4.0,5.41475,32.27849,11.0,15.0,20.8,46.3,31.0,46.8,-15.799999999999995,71.10251491269045,20.27166383387209
Cameroon,Central Africa,Africa Western and Central,2005,2567.22,3.5,3.5,3.0,2.5,3.4,3.5,3.12323,26.64419,11.9,16.3,22.1,41.95,27.0,50.5,-23.45,162.08634305269683,164.8987944026719
Cameroon,Central Africa,Africa Western and Central,2007,2786.09,3.0,3.0,3.0,2.5,3.1,3.5,3.36625,31.76378,9.5,14.0,21.5,49.1,33.0,45.0,-12.0,178.9199244614222,231.7634106562036
Chile,Latin America,Latin America & Caribbean,2005,12685.03,3.777777778,4.0,3.555555556,3.444444444,3.575,4.222222222222222,3.22508,97.65838,11.9,16.3,22.1,41.95,27.0,50.5,-23.45,2030.641282741766,2601.56132296801
Chile,Latin America,Latin America & Caribbean,2006,15676.58,3.722222222,4.0,3.611111111,3.444444444,3.5875,4.111111111111111,3.02381,98.33355,8.9,13.0,19.6,53.4,37.9,41.5,-3.6000000000000014,2380.6557128029963,3643.5340784966857
Chile,Latin America,Latin America & Caribbean,2009,16118.38,3.611111111,3.777777778,3.611111111,3.5,3.566666667,4.277777777777778,4.24129,94.21283,9.1,13.0,19.3,53.4,38.2,41.400000000000006,-3.200000000000003,2537.0427627049885,3304.148279238649
Chile,Latin America,Latin America & Caribbean,2010,18104.72,3.666666667,3.666666667,3.666666667,3.388888889,3.555555556,4.277777777777778,4.1812,94.57371,11.9,16.3,22.1,41.95,27.0,50.5,-23.45,3461.817920014759,4200.14314716497
Chile,Latin America,Latin America & Caribbean,2011,20330.52,3.5,3.722222222,3.611111111,3.388888889,3.533333333,4.222222222222222,4.0681,93.78813,9.3,13.2,19.6,52.6,37.3,42.1,-4.800000000000004,4353.071767063149,4766.461429527042
Chile,Latin America,Latin America & Caribbean,2013,22425.59,3.444444444,3.555555556,3.611111111,3.5,3.533333333,4.222222222222222,4.55744,100.45767,9.3,13.2,19.4,52.6,37.4,41.9,-4.5,4526.545363335823,4401.470207144748
China,East Asia,East Asia & Pacific,2010,9254.78,3.045454545,3.363636364,3.727272727,3.0,3.263636364,3.954545454545455,4.81376,84.92116,9.2,14.3,22.3,49.0,32.6,45.8,-13.199999999999996,1043.5795375348075,1179.4556728785494
Colombia,Latin America,Latin America & Caribbean,2005,8413.0,3.777777778,4.0,3.555555556,3.444444444,3.575,4.222222222222222,3.99501,83.40794,7.3,11.5,18.6,59.0,43.2,37.400000000000006,5.799999999999997,502.2190900297341,501.8940538746887
Colombia,Latin America,Latin America & Caribbean,2008,10291.2,3.666666667,3.833333333,3.666666667,3.444444444,3.611111111,4.277777777777778,3.9098,93.97066,6.9,11.4,19.0,59.7,43.7,37.3,6.400000000000006,905.364757864448,858.7381782483216
Colombia,Latin America,Latin America & Caribbean,2009,10357.33,3.611111111,3.777777778,3.611111111,3.5,3.566666667,4.277777777777778,4.74743,99.23594,7.1,11.6,19.2,58.8,42.9,37.9,5.0,742.3778734793406,741.3694852793085
Colombia,Latin America,Latin America & Caribbean,2010,10830.2,3.666666667,3.666666667,3.666666667,3.388888889,3.555555556,4.277777777777778,4.82616,102.02062,7.1,11.4,19.0,59.2,43.4,37.5,5.899999999999999,907.7652982717732,888.5092976391435
Colombia,Latin America,Latin America & Caribbean,2011,11694.73,3.5,3.722222222,3.611111111,3.388888889,3.533333333,4.222222222222222,4.45981,103.87265,7.3,11.7,19.3,58.2,42.4,38.3,4.100000000000001,1206.71266174444,1257.0050772145223
Colombia,Latin America,Latin America & Caribbean,2012,12095.65,3.444444444,3.611111111,3.611111111,3.388888889,3.533333333,4.222222222222222,4.38531,99.85003,7.5,12.0,19.7,57.3,41.3,39.2,2.0999999999999943,1268.7808610235672,1316.5232881435684
Colombia,Latin America,Latin America & Caribbean,2013,12798.66,3.444444444,3.555555556,3.611111111,3.5,3.533333333,4.222222222222222,4.9049,100.33773,7.5,12.1,19.6,57.3,41.4,39.2,2.199999999999996,1284.2529182642909,1272.1562143244737
Colombia,Latin America,Latin America & Caribbean,2014,13390.03,3.444444444,3.5,3.611111111,3.5,3.522222222,4.222222222222222,4.6708,98.76191,7.6,12.1,19.6,57.2,41.4,39.3,2.1000000000000014,1371.6886436329344,1173.8907886201594
Costa Rica,Latin America,Latin America & Caribbean,2005,9772.46,3.777777778,4.0,3.555555556,3.444444444,3.575,4.222222222222222,4.81376,84.36382,8.7,13.3,21.0,52.8,35.9,43.0,-7.100000000000001,2125.465812242072,1656.829362075513
Costa Rica,Latin America,Latin America & Caribbean,2006,10658.28,3.722222222,4.0,3.611111111,3.444444444,3.5875,4.111111111111111,4.65442,91.00605,8.3,12.8,20.1,54.7,38.3,41.2,-2.9000000000000057,2528.557918464601,1657.0535865196707
Costa Rica,Latin America,Latin America & Caribbean,2007,11680.57,3.777777778,3.833333333,3.666666667,3.444444444,3.5625,4.277777777777778,4.73357,92.07306,8.4,12.6,19.7,55.0,38.9,40.7,-1.8000000000000045,2873.377118656474,2010.7163219346585
Costa Rica,Latin America,Latin America & Caribbean,2008,12297.21,3.666666667,3.833333333,3.666666667,3.444444444,3.611111111,4.277777777777778,5.04483,93.14224,8.5,12.8,20.3,54.1,37.7,41.6,-3.899999999999999,3396.1946975524447,2164.52898507104
Costa Rica,Latin America,Latin America & Caribbean,2009,12103.38,3.611111111,3.777777778,3.611111111,3.5,3.566666667,4.277777777777778,6.28912,99.64572,8.0,12.3,19.9,55.9,39.4,40.2,-0.8000000000000043,2531.2600227870057,1936.4669615813891
Costa Rica,Latin America,Latin America & Caribbean,2010,12740.34,3.666666667,3.666666667,3.666666667,3.388888889,3.555555556,4.277777777777778,6.81181,102.18531,8.5,12.9,20.5,53.6,36.8,41.9,-5.100000000000001,3011.5718121815944,1956.8038860711183
Costa Rica,Latin America,Latin America & Caribbean,2011,13410.35,3.5,3.722222222,3.611111111,3.388888889,3.533333333,4.222222222222222,6.61588,104.56289,8.2,12.9,20.8,53.9,36.9,41.900000000000006,-5.000000000000007,3902.584137227811,2184.274072923375
Costa Rica,Latin America,Latin America & Caribbean,2012,14174.6,3.444444444,3.611111111,3.611111111,3.388888889,3.533333333,4.222222222222222,6.86298,107.95096,8.4,13.0,20.8,53.6,36.6,42.2,-5.600000000000001,3875.3578333625032,2375.294624849549
Costa Rica,Latin America,Latin America & Caribbean,2013,14851.14,3.444444444,3.555555556,3.611111111,3.5,3.533333333,4.222222222222222,6.92005,114.63662,8.2,12.6,21.0,54.2,37.0,41.8,-4.799999999999997,3782.6018697557256,2394.2355683512696
Costa Rica,Latin America,Latin America & Caribbean,2014,15905.15,3.444444444,3.5,3.611111111,3.5,3.522222222,4.222222222222222,7.01164,120.32665,8.3,12.8,20.8,53.9,36.9,41.900000000000006,-5.000000000000007,3547.458920485322,2320.807731703813
Croatia,Europe,Europe & Central Asia,2009,20227.4,3.777777778,4.277777778,3.777777778,2.611111111,3.733333333,4.388888888888889,4.38925,100.62829,12.7,17.3,23.3,39.7,24.3,53.3,-29.0,4925.426179991039,2437.025411010594
Croatia,Europe,Europe & Central Asia,2010,20048.35,3.777777778,4.277777778,3.833333333,2.666666667,3.755555556,4.333333333333333,4.25217,100.71391,12.9,17.4,23.5,39.4,23.9,53.8,-29.9,4671.713558628746,2749.593053496195
Croatia,Europe,Europe & Central Asia,2011,21094.04,3.75,4.1875,3.875,2.875,3.7375,4.1875,4.15795,99.88217,12.7,17.5,23.6,39.2,23.7,53.8,-30.1,5306.400332007825,3121.9814410148806
Cyprus,Europe,Europe & Central Asia,2005,27763.15,3.55,4.1,3.6,2.65,3.62,3.95,6.34274,96.54328,12.9,16.9,22.0,39.3,24.9,51.8,-26.9,6154.025591526833,1491.109899890267
Cyprus,Europe,Europe & Central Asia,2006,30011.12,3.45,4.1,3.6,2.65,3.6,4.0,6.39555,96.59815,12.8,16.7,21.6,40.1,26.0,51.1,-25.1,6675.616057030351,1340.5484756091785
Cyprus,Europe,Europe & Central Asia,2007,32885.29,3.75,4.3125,3.75,2.625,3.7375,4.1875,6.34744,97.77915,12.6,16.7,21.9,40.0,25.5,51.2,-25.7,8147.058948311393,1384.1602135448047
Cyprus,Europe,Europe & Central Asia,2008,34830.27,3.875,4.375,3.75,2.5625,3.7875,4.3125,6.80899,98.32904,12.5,16.6,21.6,40.6,26.2,50.7,-24.500000000000004,9931.45215811203,1568.409962559159
Cyprus,Europe,Europe & Central Asia,2009,33886.74,3.777777778,4.277777778,3.777777778,2.611111111,3.733333333,4.388888888888889,7.30415,98.38756,12.5,16.4,21.9,40.8,26.2,50.8,-24.6,7140.938600723329,1216.0039838916125
Cyprus,Europe,Europe & Central Asia,2010,33511.3,3.777777778,4.277777778,3.833333333,2.666666667,3.755555556,4.333333333333333,6.66191,91.4408,12.8,16.4,21.8,40.4,25.7,51.0,-25.3,7652.322846348455,1333.5191840918626
Cyprus,Europe,Europe & Central Asia,2011,33406.18,3.75,4.1875,3.875,2.875,3.7375,4.1875,6.64467,92.82562,12.5,16.2,21.6,41.3,26.7,50.3,-23.6,7675.019910294947,1707.0948234455752
Denmark,Europe,Europe & Central Asia,2005,34150.16,3.55,4.1,3.6,2.65,3.62,3.95,8.08274,124.18092,14.6,17.9,22.5,35.2,21.0,55.0,-34.0,13417.591918857916,15182.060651374535
Denmark,Europe,Europe & Central Asia,2006,37331.98,3.45,4.1,3.6,2.65,3.6,4.0,7.72784,120.0791,14.3,17.7,22.3,35.8,21.8,54.3,-32.5,15473.04724391202,16715.472987556994
Denmark,Europe,Europe & Central Asia,2007,39011.14,3.75,4.3125,3.75,2.625,3.7375,4.1875,7.61379,118.8251,14.4,17.6,22.1,36.1,22.1,54.1,-32.0,17838.31393087315,18668.600008825517
Denmark,Europe,Europe & Central Asia,2008,41278.33,3.875,4.375,3.75,2.5625,3.7875,4.3125,7.49235,117.89976,14.5,18.0,22.5,35.2,21.0,55.0,-34.0,19842.67820932678,21164.876685887142
Denmark,Europe,Europe & Central Asia,2009,40331.82,3.777777778,4.277777778,3.777777778,2.611111111,3.733333333,4.388888888888889,8.48798,118.03464,14.3,17.9,22.5,36.1,21.8,54.7,-32.900000000000006,14502.146076248917,16673.746756664514
Denmark,Europe,Europe & Central Asia,2010,43000.86,3.777777778,4.277777778,3.833333333,2.666666667,3.755555556,4.333333333333333,8.61797,119.56939,14.1,17.6,22.3,36.7,22.5,54.0,-31.5,14911.500958508264,17343.588353912797
Denmark,Europe,Europe & Central Asia,2011,44403.38,3.75,4.1875,3.875,2.875,3.7375,4.1875,8.54712,122.80119,14.0,17.5,22.3,36.8,22.7,53.8,-31.1,17234.943416941744,20233.710089197302
Ecuador,Latin America,Latin America & Caribbean,2005,7633.47,3.777777778,4.0,3.555555556,3.444444444,3.575,4.222222222222222,4.81376,61.8786,7.4,12.0,19.9,57.5,41.1,39.3,1.8000000000000045,697.7990437481101,716.728278450302
Ecuador,Latin America,Latin America & Caribbean,2010,9104.36,3.666666667,3.666666667,3.666666667,3.388888889,3.555555556,4.277777777777778,4.07574,83.51436,8.4,13.0,20.5,53.9,37.5,41.9,-4.399999999999999,1373.6770217454318,1166.8049339591455
Ecuador,Latin America,Latin America & Caribbean,2011,9861.5,3.5,3.722222222,3.611111111,3.388888889,3.533333333,4.222222222222222,4.31455,83.46509,9.0,13.9,21.7,51.0,34.1,44.6,-10.499999999999991,1593.8111673210074,1466.2634686089684
Ecuador,Latin America,Latin America & Caribbean,2012,10304.89,3.444444444,3.611111111,3.611111111,3.388888889,3.533333333,4.222222222222222,4.1657,85.45839,9.0,14.0,21.6,51.1,34.6,44.6,-10.0,1627.27381006431,1540.4415504172953
El Salvador,Latin America,Latin America & Caribbean,2005,5262.38,3.777777778,4.0,3.555555556,3.444444444,3.575,4.222222222222222,2.73246,68.53398,8.6,13.3,21.0,53.2,36.8,42.9,-6.100000000000001,1127.749681929744,569.1586519316501
El Salvador,Latin America,Latin America & Caribbean,2006,5663.82,3.722222222,4.0,3.611111111,3.444444444,3.5875,4.111111111111111,3.01268,68.24402,9.3,13.8,20.8,51.3,35.6,43.900000000000006,-8.300000000000004,1286.3962809929544,618.1179067090942
El Salvador,Latin America,Latin America & Caribbean,2007,5915.48,3.777777778,3.833333333,3.666666667,3.444444444,3.5625,4.277777777777778,3.05447,68.35095,9.4,13.7,20.5,51.2,35.7,43.6,-7.899999999999999,1459.3681678722714,664.2044398226974
El Salvador,Latin America,Latin America & Caribbean,2008,6133.07,3.666666667,3.833333333,3.666666667,3.444444444,3.611111111,4.277777777777778,3.74166,68.1611,8.8,13.3,20.8,52.4,36.1,42.900000000000006,-6.800000000000004,1617.912677418414,764.8310440024133
El Salvador,Latin America,Latin America & Caribbean,2009,6020.71,3.611111111,3.777777778,3.611111111,3.5,3.566666667,4.277777777777778,3.96954,69.74997,9.2,13.8,20.5,51.6,36.0,43.5,-7.5,1202.6163327958357,634.7005047833034
El Salvador,Latin America,Latin America & Caribbean,2010,6198.25,3.666666667,3.666666667,3.666666667,3.388888889,3.555555556,4.277777777777778,3.48668,72.02085,9.6,14.4,21.5,49.4,33.2,45.5,-12.299999999999995,1376.5319406401732,735.8878364431731
El Salvador,Latin America,Latin America & Caribbean,2011,6542.94,3.5,3.722222222,3.611111111,3.388888889,3.533333333,4.222222222222222,3.41749,74.83489,10.0,14.5,21.3,48.7,32.8,45.8,-13.0,1623.5849621962186,864.8977061708565
Ethiopia,Eastern Africa,Africa Eastern and Southern,2010,1010.02,3.5,3.0,4.5,2.5,3.6,3.0,4.49659,34.80822,12.6,16.3,21.3,41.7,27.4,50.2,-22.800000000000004,96.33827974834117,14.915982176990465
Fiji,Pacific,East Asia & Pacific,2008,7339.14,3.045454545,3.363636364,3.409090909,3.0,3.181818182,3.8181818181818175,4.25357,87.86987,10.8,14.4,20.5,47.8,32.9,45.7,-12.800000000000004,2524.591657921941,1028.079827729832
Finland,Europe,Europe & Central Asia,2005,32051.79,3.55,4.1,3.6,2.65,3.62,3.95,6.03606,111.97108,13.8,17.3,22.2,37.2,23.0,53.3,-30.3,11145.915427205297,12435.593316248884
Finland,Europe,Europe & Central Asia,2006,34452.9,3.45,4.1,3.6,2.65,3.6,4.0,5.9381,111.61355,13.7,17.3,22.4,37.4,23.0,53.4,-30.4,13183.423736695511,14674.358191037752
Finland,Europe,Europe & Central Asia,2007,37843.12,3.75,4.3125,3.75,2.625,3.7375,4.1875,5.68609,110.32909,13.7,17.2,22.3,37.6,23.3,53.2,-29.9,15424.577564892828,16979.32295073288
Finland,Europe,Europe & Central Asia,2008,40083.7,3.875,4.375,3.75,2.5625,3.7875,4.3125,5.84677,108.74427,13.8,17.3,22.3,37.2,23.0,53.400000000000006,-30.40000000000001,17350.446085076615,18236.174342826504
Finland,Europe,Europe & Central Asia,2009,37972.65,3.777777778,4.277777778,3.777777778,2.611111111,3.733333333,4.388888888888889,6.48518,107.4238,13.9,17.5,22.4,36.9,22.6,53.8,-31.2,11393.854027190391,11774.11526556832
Finland,Europe,Europe & Central Asia,2010,38954.48,3.777777778,4.277777778,3.833333333,2.666666667,3.755555556,4.333333333333333,6.54071,107.27259,13.8,17.4,22.6,37.0,22.5,53.8,-31.3,12821.672674663158,13073.261176033197
Finland,Europe,Europe & Central Asia,2011,40916.84,3.75,4.1875,3.875,2.875,3.7375,4.1875,6.48201,107.47822,13.9,17.3,22.4,37.1,22.8,53.6,-30.8,15563.73883241232,14623.281453497522
Finland,Europe,Europe & Central Asia,2012,40873.1,3.75,4.25,3.875,3.0,3.75,4.3125,7.19254,107.4859,14.0,17.4,22.5,36.7,22.3,53.9,-31.6,14054.19811280851,13478.921321152256
Finland,Europe,Europe & Central Asia,2013,41493.14,3.75,4.1875,3.8125,3.0,3.725,4.3125,7.17948,143.21856,14.0,17.5,22.6,36.6,22.3,54.1,-31.8,14265.01216902753,13687.400052252522
France,Europe,Europe & Central Asia,2005,30494.21,3.55,4.1,3.6,2.65,3.62,3.95,5.49981,112.27382,13.2,17.2,22.5,38.5,23.9,52.9,-29.0,7530.762563252319,6873.955971013348
France,Europe,Europe & Central Asia,2006,32462.96,3.45,4.1,3.6,2.65,3.6,4.0,5.44211,112.07455,13.2,17.3,22.7,38.3,23.5,53.2,-29.700000000000003,8328.095956244977,7528.303375146462
France,Europe,Europe & Central Asia,2007,34122.71,3.75,4.3125,3.75,2.625,3.7375,4.1875,5.44519,111.83735,12.7,16.5,21.9,40.9,26.2,51.1,-24.899999999999995,9549.325964992173,8430.42905155791
France,Europe,Europe & Central Asia,2008,35092.69,3.875,4.375,3.75,2.5625,3.7875,4.3125,5.44403,111.62556,12.6,16.5,21.9,41.2,26.7,51.0,-24.3,10795.395542951926,9234.35542483767
France,Europe,Europe & Central Asia,2009,34676.36,3.777777778,4.277777778,3.777777778,2.611111111,3.733333333,4.388888888888889,5.73848,111.17852,12.7,16.7,22.1,40.8,26.1,51.5,-25.4,8352.572105889645,7172.098697253054
France,Europe,Europe & Central Asia,2010,35899.4,3.777777778,4.277777778,3.833333333,2.666666667,3.755555556,4.333333333333333,5.68342,111.3269,12.4,16.3,21.8,41.8,27.1,50.5,-23.4,9213.689192875812,7867.85358642454
France,Europe,Europe & Central Asia,2011,37439.23,3.75,4.1875,3.875,2.875,3.7375,4.1875,5.51586,111.22241,12.5,16.4,21.8,41.4,26.9,50.7,-23.800000000000004,10921.611585622471,8963.52797176498
France,Europe,Europe & Central Asia,2012,37677.73,3.75,4.25,3.875,3.0,3.75,4.3125,5.53343,111.66532,12.6,16.5,21.8,41.3,26.9,50.900000000000006,-24.000000000000007,10153.099117194295,8505.04864707631
Georgia,Europe,Europe & Central Asia,2005,5171.58,4.0,4.5,4.0,3.5,3.9,3.5,2.48431,81.6564,11.2,16.0,22.8,43.8,27.7,50.0,-22.3,638.0452139402004,221.7709350157554
Georgia,Europe,Europe & Central Asia,2006,5866.59,4.5,4.5,4.5,3.5,4.1,4.5,3.00364,83.48521,11.4,16.0,22.8,43.5,27.5,50.2,-22.700000000000003,946.9443815205186,240.9937103563161
Georgia,Europe,Europe & Central Asia,2007,6818.51,5.0,4.5,4.5,3.0,4.0,5.5,2.69687,89.8833,11.1,15.7,22.4,44.6,28.9,49.2,-20.3,1350.755757665878,319.2514741624566
Georgia,Europe,Europe & Central Asia,2008,7139.01,5.5,4.5,4.5,3.0,4.2,6.0,2.91956,90.65106,10.9,15.7,22.3,45.0,29.1,48.900000000000006,-19.800000000000004,1573.536468587735,389.1137957135459
Georgia,Europe,Europe & Central Asia,2009,6984.25,5.5,4.5,4.5,3.0,4.2,6.0,3.22238,88.10632,11.0,15.7,22.5,44.7,28.9,49.2,-20.300000000000004,1173.263276006123,297.19581592897896
Ghana,Western Africa,Africa Western and Central,2005,2897.37,4.0,4.0,4.0,3.5,3.7,4.0,7.42208,47.34028,9.9,14.6,21.7,48.6,32.7,46.2,-13.5,216.8466860687033,136.00702828574416
Ghana,Western Africa,Africa Western and Central,2012,4877.58,4.5,4.0,3.5,4.0,4.0,4.0,7.91914,58.13869,9.8,14.6,21.9,48.3,31.7,46.3,-14.599999999999998,505.5375455130806,586.8172197959087
Greece,Europe,Europe & Central Asia,2005,25577.52,3.55,4.1,3.6,2.65,3.62,3.95,3.96396,99.64309,12.0,16.7,22.7,41.7,26.3,51.4,-25.1,4996.116186631237,1586.779683460398
Greece,Europe,Europe & Central Asia,2010,27911.7,3.777777778,4.277777778,3.833333333,2.666666667,3.755555556,4.333333333333333,4.81376,104.97926,12.3,17.1,22.9,41.0,25.6,52.3,-26.7,5975.236522286296,2480.428892882612
Guatemala,Latin America,Latin America & Caribbean,2006,5900.85,3.722222222,4.0,3.611111111,3.444444444,3.5875,4.111111111111111,2.98401,52.00338,7.0,11.8,19.2,58.9,43.2,38.0,5.200000000000003,721.9782055696785,242.03466181500045
Guatemala,Latin America,Latin America & Caribbean,2010,6618.92,3.666666667,3.666666667,3.666666667,3.388888889,3.555555556,4.277777777777778,2.80307,63.14287,11.9,16.3,22.1,41.95,27.0,50.5,-23.45,969.8890392194444,593.2916125718608
Guinea,Western Africa,Africa Western and Central,2005,1438.64,3.0,4.0,3.0,2.5,3.2,4.5,1.84905,29.19433,11.9,16.3,22.1,41.95,27.0,50.5,-23.45,180.2839789525601,87.05926315579872
Guyana,Latin America,Latin America & Caribbean,2005,6771.06,3.0,3.5,3.5,3.0,3.3,4.0,8.13973,96.86823,11.9,16.3,22.1,41.95,27.0,50.5,-23.45,1024.2622569957707,709.0237235573095
Guyana,Latin America,Latin America & Caribbean,2010,9351.79,3.0,3.5,3.5,2.5,3.4,4.0,3.66099,88.64228,11.9,16.3,22.1,41.95,27.0,50.5,-23.45,1940.766933357578,1204.3263933084827
Honduras,Latin America,Latin America & Caribbean,2010,3719.2,3.5,4.0,4.0,3.0,3.7,4.5,4.81376,72.6366,7.1,12.0,20.6,57.1,40.2,39.7,0.5,815.8966925900371,367.2592066461774
Iceland,Europe,Europe & Central Asia,2005,37322.74,3.55,4.1,3.6,2.65,3.62,3.95,7.38386,109.11264,13.6,17.1,21.6,38.5,24.4,52.3,-27.90000000000001,16778.975675183836,10415.138039456211
Iceland,Europe,Europe & Central Asia,2006,39697.76,3.45,4.1,3.6,2.65,3.6,4.0,7.37424,109.39719,13.4,16.7,21.5,39.5,25.4,51.6,-26.200000000000003,19721.75767161978,11367.18491220678
Iceland,Europe,Europe & Central Asia,2007,41468.67,3.75,4.3125,3.75,2.625,3.7375,4.1875,7.06128,108.87189,13.6,16.8,21.6,38.9,24.8,52.0,-27.2,21471.183132947757,15316.315047213113
Iceland,Europe,Europe & Central Asia,2008,43728.11,3.875,4.375,3.75,2.5625,3.7875,4.3125,7.25437,109.07084,12.9,16.4,21.2,40.8,27.1,50.5,-23.4,19425.508254204287,16872.065627225013
Iceland,Europe,Europe & Central Asia,2009,41864.62,3.777777778,4.277777778,3.777777778,2.611111111,3.733333333,4.388888888888889,7.35713,107.943,13.8,17.3,21.8,38.1,24.0,52.900000000000006,-28.90000000000001,11315.541678309824,12737.75330220817
Iceland,Europe,Europe & Central Asia,2010,39773.26,3.777777778,4.277777778,3.833333333,2.666666667,3.755555556,4.333333333333333,7.21403,109.28977,14.4,17.9,22.1,36.0,22.0,54.4,-32.4,12307.688140837188,14473.258095654332
Iceland,Europe,Europe & Central Asia,2011,40936.87,3.75,4.1875,3.875,2.875,3.7375,4.1875,7.04752,108.55373,14.1,18.0,22.4,36.2,22.1,54.5,-32.4,15189.804337740665,16766.63463045509
India,South Asia,South Asia,2005,2936.56,3.5,3.5,4.0,3.5,3.7,3.5,3.1338,54.17274,11.9,16.3,22.1,41.95,27.0,50.5,-23.45,121.99631393963143,86.91258605236112
India,South Asia,South Asia,2009,3892.53,3.5,3.5,4.0,3.5,3.7,3.5,3.21076,59.79393,11.8,15.2,20.5,44.2,30.0,47.5,-17.5,217.71233211894585,144.45834822796272
India,South Asia,South Asia,2010,4215.58,3.5,3.5,4.0,3.5,3.7,3.5,3.31959,63.29094,11.9,16.3,22.1,41.95,27.0,50.5,-23.45,282.1421442455226,177.66087074797713
India,South Asia,South Asia,2011,4467.47,3.0,3.0,4.0,3.5,3.6,4.0,3.72321,66.42168,11.7,15.2,20.5,44.4,30.1,47.4,-17.299999999999997,367.6805019509249,239.725008075186
Indonesia,East Asia,East Asia & Pacific,2005,6188.86,3.0,3.5,4.0,3.0,3.14,4.5,2.87282,60.13283,12.0,15.7,21.2,42.8,28.0,48.9,-20.9,252.1834951184489,374.37946545467526
Indonesia,East Asia,East Asia & Pacific,2007,7161.81,3.045454545,3.363636364,3.409090909,2.954545455,3.154545455,3.6818181818181817,3.04426,70.55849,11.3,15.1,21.3,44.8,29.6,47.7,-18.1,317.099426416242,485.8285959964564
Indonesia,East Asia,East Asia & Pacific,2008,7638.01,3.045454545,3.363636364,3.409090909,3.0,3.181818182,3.8181818181818175,2.9019,69.7292,11.4,15.3,21.3,44.3,29.1,48.0,-18.9,543.1870559328081,575.8696107558392
Indonesia,East Asia,East Asia & Pacific,2009,7941.17,3.045454545,3.363636364,3.590909091,2.954545455,3.218181818,4.0,3.52513,74.73399,11.5,15.2,21.1,44.4,29.4,47.8,-18.4,401.8119371827272,483.4814662568484
Indonesia,East Asia,East Asia & Pacific,2010,8430.62,3.045454545,3.363636364,3.727272727,3.0,3.263636364,3.954545454545455,2.81228,76.54019,10.9,15.1,21.6,45.0,29.5,47.6,-18.1,555.9601994659591,646.5928119854581
Indonesia,East Asia,East Asia & Pacific,2011,9022.72,2.961538462,3.307692308,3.538461538,3.076923077,3.176923077,3.8846153846153846,3.18944,79.21021,10.2,14.2,20.7,47.9,32.6,45.1,-12.499999999999991,718.0727150264373,823.5405451954075
Indonesia,East Asia,East Asia & Pacific,2012,9645.15,2.892857143,3.285714286,3.5,3.142857143,3.178571429,3.928571428571429,3.40748,80.40742,10.2,14.1,20.5,48.1,32.9,44.8,-11.9,766.0812224846352,759.450853304893
Indonesia,East Asia,East Asia & Pacific,2013,10009.01,2.9,3.3,3.4,3.1,3.133333333,3.966666666666667,3.36658,82.48971,10.1,13.9,20.5,48.6,32.9,44.5,-11.6,736.858964301533,720.7623836664961
Indonesia,East Asia,East Asia & Pacific,2014,10233.99,2.9,3.3,3.4,3.133333333,3.153333333,4.0,3.29643,82.4687,10.2,14.2,20.6,47.9,32.5,45.0,-12.5,695.3889333643799,687.0247766886065
Ireland,Europe,Europe & Central Asia,2005,40466.23,3.55,4.1,3.6,2.65,3.62,3.95,4.52772,109.53949,12.4,16.2,21.9,41.8,27.0,50.5,-23.5,17475.8953220343,26062.823436138344
Ireland,Europe,Europe & Central Asia,2006,44229.52,3.45,4.1,3.6,2.65,3.6,4.0,4.54725,110.68822,12.4,16.4,22.5,40.7,25.6,51.3,-25.7,18753.043586641303,25706.624575280603
Ireland,Europe,Europe & Central Asia,2007,46779.4,3.75,4.3125,3.75,2.625,3.7375,4.1875,4.71578,112.88951,12.8,16.5,22.3,40.3,25.5,51.6,-26.1,20540.904977568243,28219.81242167162
Ireland,Europe,Europe & Central Asia,2008,44169.09,3.875,4.375,3.75,2.5625,3.7875,4.3125,5.4506,114.90616,13.0,17.0,22.6,39.3,24.6,52.6,-28.0,19430.927724071757,28993.11628326173
Ireland,Europe,Europe & Central Asia,2009,41471.49,3.777777778,4.277777778,3.777777778,2.611111111,3.733333333,4.388888888888889,6.15929,118.91978,12.6,16.7,22.3,40.7,25.6,51.6,-25.999999999999996,14822.31427552209,26935.37842125491
Ireland,Europe,Europe & Central Asia,2010,43208.24,3.777777778,4.277777778,3.833333333,2.666666667,3.755555556,4.333333333333333,6.09528,123.46261,12.7,16.9,22.5,40.2,24.9,52.1,-27.2,14153.792335844506,26432.989119895265
Ireland,Europe,Europe & Central Asia,2011,45085.39,3.75,4.1875,3.875,2.875,3.7375,4.1875,5.75342,122.09314,12.7,16.7,22.5,40.7,25.5,51.9,-26.4,16115.531241890105,28320.15500740445
Ireland,Europe,Europe & Central Asia,2012,46388.58,3.75,4.25,3.875,3.0,3.75,4.3125,5.77466,126.09333,12.5,16.6,22.3,41.1,25.9,51.400000000000006,-25.500000000000007,15701.257447370635,26135.03539629458
Israel,Middle East,Middle East & North Africa,2005,25625.04,3.0,2.75,3.25,2.75,3.1,4.25,5.74732,104.73612,9.7,15.2,23.1,47.2,30.4,48.0,-17.6,6498.080835774375,6171.723351755386
Israel,Middle East,Middle East & North Africa,2006,26336.43,3.0,2.75,3.25,2.75,3.1,4.25,5.74272,104.88754,9.9,15.6,23.3,46.4,29.7,48.8,-19.1,6781.468732721834,6633.669279952365
Israel,Middle East,Middle East & North Africa,2007,28175.21,3.5,2.25,3.25,2.75,3.0,4.25,5.48363,104.26852,10.0,15.7,23.3,46.1,29.5,49.0,-19.5,7885.597554351611,7533.515549922703
Israel,Middle East,Middle East & North Africa,2008,27994.9,3.5,2.25,3.25,2.75,3.05,4.0,5.51871,102.88162,9.8,15.5,23.3,46.5,30.0,48.6,-18.6,8916.723128283713,8392.278486208406
Israel,Middle East,Middle East & North Africa,2009,27903.12,3.5,2.5,3.25,2.75,3.15,4.25,5.47869,101.99169,9.5,15.5,23.5,47.0,30.5,48.5,-18.0,6327.178048519825,6403.576733995939
Israel,Middle East,Middle East & North Africa,2010,29298.96,3.5,2.5,3.25,2.5,3.2,4.25,5.52761,102.05584,9.7,15.5,22.9,47.2,31.1,48.1,-16.999999999999993,7764.559263340154,7662.131801248754
Israel,Middle East,Middle East & North Africa,2011,31161.72,3.25,2.5,3.25,2.5,3.05,4.0,5.56064,101.69799,9.8,15.6,23.6,46.2,29.5,49.0,-19.5,9467.9369800922,8730.115120142162
Israel,Middle East,Middle East & North Africa,2013,34740.4,3.25,2.5,3.25,2.25,3.0,4.0,5.85994,101.53176,10.4,15.9,23.4,45.3,28.9,49.7,-20.800000000000004,8932.939016067994,8286.02357466344
Italy,Europe,Europe & Central Asia,2005,30130.64,3.55,4.1,3.6,2.65,3.62,3.95,4.24747,98.28961,12.4,17.1,23.0,40.7,25.5,52.5,-27.0,6357.583296087128,6385.786401597072
Italy,Europe,Europe & Central Asia,2006,32451.49,3.45,4.1,3.6,2.65,3.6,4.0,4.53567,99.0232,12.4,17.0,22.8,40.8,25.6,52.2,-26.6,7611.193480595833,7169.250432190511
Italy,Europe,Europe & Central Asia,2007,34145.55,3.75,4.3125,3.75,2.625,3.7375,4.1875,4.11661,99.62739,12.6,17.2,23.0,40.1,24.9,52.8,-27.9,8755.418761446917,8553.826394807515
Italy,Europe,Europe & Central Asia,2008,35523.27,3.875,4.375,3.75,2.5625,3.7875,4.3125,4.40077,100.36239,12.4,17.1,22.8,40.8,25.7,52.3,-26.6,9551.760424672008,9225.86595740178
Italy,Europe,Europe & Central Asia,2009,34603.26,3.777777778,4.277777778,3.777777778,2.611111111,3.733333333,4.388888888888889,4.53406,100.71809,12.4,17.1,23.1,40.7,25.4,52.6,-27.200000000000003,7024.176297152374,6885.485183362908
Italy,Europe,Europe & Central Asia,2010,35156.67,3.777777778,4.277777778,3.833333333,2.666666667,3.755555556,4.333333333333333,4.3492,102.2127,12.5,17.0,22.8,41.4,26.2,52.3,-26.1,8215.343997681275,7538.112359298651
Italy,Europe,Europe & Central Asia,2011,36598.01,3.75,4.1875,3.875,2.875,3.7375,4.1875,4.14053,102.66749,12.2,16.9,22.8,41.7,26.4,51.9,-25.5,9411.201871155794,8812.077326989005
Jamaica,Caribbean,Latin America & Caribbean,2005,7735.11,3.777777778,4.0,3.555555556,3.444444444,3.575,4.222222222222222,4.61642,90.57089,11.9,16.3,22.1,41.95,27.0,50.5,-23.45,1824.834057626408,565.7618723856992
Jamaica,Caribbean,Latin America & Caribbean,2010,8122.35,3.666666667,3.666666667,3.666666667,3.388888889,3.555555556,4.277777777777778,6.3713,92.82521,11.9,16.3,22.1,41.95,27.0,50.5,-23.45,1911.274875854824,485.6080575120634
Japan,East Asia,East Asia & Pacific,2005,32169.87,3.181818182,3.318181818,3.5,2.863636364,3.14,3.727272727272727,3.48391,100.99853,11.9,16.3,22.1,41.95,27.0,50.5,-23.45,4037.3661702785407,4656.233052288042
Japan,East Asia,East Asia & Pacific,2008,35273.79,3.045454545,3.363636364,3.409090909,3.0,3.181818182,3.8181818181818175,3.44024,100.64297,12.1,17.0,22.9,41.5,26.1,52.0,-25.9,5954.36559443399,6101.779306606904
Japan,East Asia,East Asia & Pacific,2010,35335.37,3.045454545,3.363636364,3.727272727,3.0,3.263636364,3.954545454545455,3.78135,101.6095,12.7,16.5,22.2,40.5,25.7,51.4,-25.7,5419.373467439681,6010.571035215116
Japan,East Asia,East Asia & Pacific,2013,39402.03,2.9,3.3,3.4,3.1,3.133333333,3.966666666666667,3.8185,101.91998,12.8,16.6,21.7,41.1,26.4,51.1,-24.700000000000003,6537.455849378163,5611.026279971753
Jordan,Middle East,Middle East & North Africa,2010,9912.17,3.5,2.5,3.25,2.5,3.2,4.25,4.81376,88.51937,12.1,15.8,21.5,42.4,27.5,49.4,-21.9,2201.9092894825158,1013.2558122926604
Kazakhstan,Europe,Europe & Central Asia,2005,13941.5,3.55,4.1,3.6,2.65,3.62,3.95,2.26353,96.59815,10.3,15.2,22.5,46.1,29.7,48.0,-18.3,1144.3272833240103,1838.3859199054807
Kazakhstan,Europe,Europe & Central Asia,2006,15742.06,3.45,4.1,3.6,2.65,3.6,4.0,2.62679,99.37904,13.1,16.6,21.9,39.5,24.9,51.6,-26.700000000000003,1545.653387539983,2498.3153086751217
Kazakhstan,Europe,Europe & Central Asia,2010,19227.18,3.777777778,4.277777778,3.833333333,2.666666667,3.755555556,4.333333333333333,4.81376,97.7345,13.5,17.1,22.3,37.7,23.1,52.900000000000006,-29.800000000000004,1471.8671205729345,3507.1996605536424
Kazakhstan,Europe,Europe & Central Asia,2015,23224.12,3.4,4.1,3.5,2.6,3.6,4.0,4.81376,109.1081,13.7,17.2,22.2,36.9,22.6,53.1,-30.499999999999996,1742.432738069383,2619.5596104180827
Kenya,Eastern Africa,Africa Eastern and Southern,2005,2185.6,4.0,3.0,3.0,3.0,3.1,4.0,7.33565,47.8988,9.1,13.4,20.4,52.2,36.8,42.9,-6.100000000000001,163.1048416134694,95.41332502487931
Lebanon,Middle East,Middle East & North Africa,2005,10079.38,3.0,2.75,3.25,2.75,3.1,4.25,2.67227,80.48947,11.9,16.3,22.1,41.95,27.0,50.5,-23.45,2008.8088762458424,404.6942049224604
Lebanon,Middle East,Middle East & North Africa,2010,14835.37,3.5,2.5,3.25,2.5,3.2,4.25,1.63173,75.30478,11.9,16.3,22.1,41.95,27.0,50.5,-23.45,3596.968410064454,851.5522869210137
Lebanon,Middle East,Middle East & North Africa,2011,15125.82,3.25,2.5,3.25,2.5,3.05,4.0,1.64626,76.13277,12.7,17.0,22.5,40.0,24.8,52.2,-27.4,3996.514090230118,845.7499807732561
Lesotho,Southern Africa,Africa Eastern and Southern,2005,1660.13,3.0,4.0,3.0,3.5,3.3,3.5,14.79096,39.5876,11.9,16.3,22.1,41.95,27.0,50.5,-23.45,381.7827891994838,203.83585561164423
Luxembourg,Europe,Europe & Central Asia,2005,68787.85,3.55,4.1,3.6,2.65,3.62,3.95,4.81376,95.36519,13.0,17.1,22.3,39.4,24.3,52.400000000000006,-28.100000000000005,37805.43923355075,27334.630407302466
Luxembourg,Europe,Europe & Central Asia,2010,90357.1,3.777777778,4.277777778,3.833333333,2.666666667,3.755555556,4.333333333333333,4.81376,101.34617,12.9,17.3,22.9,38.8,23.7,53.1,-29.4,40240.39258274436,27440.924904281062
Madagascar,Eastern Africa,Africa Eastern and Southern,2005,1368.62,4.0,3.5,3.5,3.5,3.6,4.0,3.84818,21.14828,10.8,14.6,20.5,47.5,32.4,45.9,-13.5,90.94987699622358,45.3662618630386
Madagascar,Eastern Africa,Africa Eastern and Southern,2012,1489.63,3.0,3.5,3.0,2.5,2.9,4.0,2.73217,38.02759,10.0,14.1,20.7,49.4,33.5,44.8,-11.299999999999995,108.1492814212949,52.34391871481792
Malawi,Eastern Africa,Africa Eastern and Southern,2010,1468.1,3.0,3.5,3.5,3.0,3.5,3.5,4.35638,33.05596,9.3,13.4,20.0,51.8,36.9,42.7,-5.800000000000004,147.06076771552006,75.31576083577438
Malaysia,East Asia,East Asia & Pacific,2006,17364.5,3.0,3.333333333,3.375,2.875,3.090909091,3.7083333333333335,4.48577,67.96889,9.1,13.9,21.6,50.3,33.8,44.6,-10.800000000000004,4946.433471159848,6060.83697854796
Malaysia,East Asia,East Asia & Pacific,2008,19408.67,3.045454545,3.363636364,3.409090909,3.0,3.181818182,3.8181818181818175,3.95853,66.02975,8.9,13.8,21.8,50.8,34.2,44.5,-10.299999999999995,5626.776816189358,7182.632616857483
Malaysia,East Asia,East Asia & Pacific,2010,20146.96,3.045454545,3.363636364,3.727272727,3.0,3.263636364,3.954545454545455,4.96644,66.82577,11.9,16.3,22.1,41.95,27.0,50.5,-23.45,5731.172613288982,6922.228315252343
Malaysia,East Asia,East Asia & Pacific,2011,21308.22,2.961538462,3.307692308,3.538461538,3.076923077,3.176923077,3.8846153846153846,5.76294,67.1958,9.3,14.1,21.8,49.6,33.2,45.2,-12.0,6427.225691268608,7777.94844839146
Malaysia,East Asia,East Asia & Pacific,2013,22959.2,2.9,3.3,3.4,3.1,3.133333333,3.966666666666667,6.09392,71.0678,10.1,14.7,21.7,47.7,31.8,46.5,-14.7,6829.760841607514,7576.491446187128
Mali,Western Africa,Africa Western and Central,2005,1482.44,3.5,3.5,3.5,3.5,3.4,4.0,4.00927,25.55252,11.9,16.3,22.1,41.95,27.0,50.5,-23.45,117.11186725046625,81.56764508555067
Mali,Western Africa,Africa Western and Central,2010,1732.13,3.5,3.5,4.0,3.5,3.5,4.0,3.85454,38.77258,11.9,16.3,22.1,41.95,27.0,50.5,-23.45,302.88158029711934,128.54903874196586
Malta,Europe,Europe & Central Asia,2007,25062.07,3.75,4.3125,3.75,2.625,3.7375,4.1875,6.31293,100.89894,13.4,17.7,23.1,37.5,22.6,54.2,-31.6,12163.098713132247,7765.312846057769
Malta,Europe,Europe & Central Asia,2008,26523.47,3.875,4.375,3.75,2.5625,3.7875,4.3125,5.8462,99.66492,13.4,17.5,23.1,37.5,22.5,54.0,-31.5,12557.63588508448,7397.8305921896335
Malta,Europe,Europe & Central Asia,2010,28722.45,3.777777778,4.277777778,3.833333333,2.666666667,3.755555556,4.333333333333333,6.91128,98.43982,13.4,17.6,23.0,37.6,22.7,54.0,-31.3,13828.86358043753,8966.664076447258
Malta,Europe,Europe & Central Asia,2011,28973.29,3.75,4.1875,3.875,2.875,3.7375,4.1875,7.96375,85.89744,13.5,17.6,22.6,37.8,23.2,53.7,-30.500000000000004,17767.251933850308,12680.997797092255
Malta,Europe,Europe & Central Asia,2012,30243.98,3.75,4.25,3.875,3.0,3.75,4.3125,6.75966,85.82467,13.5,17.6,22.5,38.0,23.4,53.6,-30.200000000000003,18799.272315178987,13442.604297808715
Mauritania,Western Africa,Africa Western and Central,2008,4227.35,3.5,4.0,3.5,2.5,3.5,4.0,3.55225,18.82466,11.3,16.3,23.4,42.4,26.2,51.0,-24.8,506.47917197594063,503.23491124955774
Mauritania,Western Africa,Africa Western and Central,2010,4181.98,3.0,4.0,3.5,2.5,3.2,4.0,3.60428,20.32848,11.9,16.3,22.1,41.95,27.0,50.5,-23.45,499.4168975753781,531.8763773003991
Mauritius,Eastern Africa,Africa Eastern and Southern,2005,11697.9,3.055555556,3.25,3.277777778,2.805555556,3.144444444,3.4166666666666665,4.20155,88.65556,11.9,16.3,22.1,41.95,27.0,50.5,-23.45,2572.853008416826,1745.4583750592303
Mauritius,Eastern Africa,Africa Eastern and Southern,2006,12586.73,3.055555556,3.25,3.333333333,2.75,3.166666667,3.5277777777777777,3.81812,87.55458,11.7,15.6,21.4,43.8,28.7,48.7,-20.0,2952.464794861572,1890.9050872126004
Mauritius,Eastern Africa,Africa Eastern and Southern,2010,15911.63,2.916666667,3.333333333,3.333333333,2.555555556,3.2,3.555555555555556,3.65578,89.24696,11.9,16.3,22.1,41.95,27.0,50.5,-23.45,3520.738748400512,1479.144532949456
Mauritius,Eastern Africa,Africa Eastern and Southern,2012,17191.91,2.973684211,3.236842105,3.210526316,2.578947368,3.173684211,3.421052631578948,3.4848,91.84192,11.2,15.1,20.6,46.2,31.6,46.9,-15.299999999999995,4595.978271844011,1797.730471493341
Montenegro,Europe,Europe & Central Asia,2015,16332.84,3.4,4.1,3.5,2.6,3.6,4.0,4.81376,90.34223,10.7,16.3,23.5,44.3,27.7,50.5,-22.8,3295.250381333389,567.5068784667585
Mozambique,Eastern Africa,Africa Eastern and Southern,2005,707.53,3.0,3.5,3.5,3.0,3.3,4.0,4.43012,13.09606,11.9,16.3,22.1,41.95,27.0,50.5,-23.45,119.15203239168312,86.35131081839428
Nepal,South Asia,South Asia,2010,2153.13,3.0,4.0,4.0,2.5,3.7,3.5,4.71699,58.79362,12.1,16.2,21.8,41.5,26.4,50.1,-23.7,188.34997535304203,32.185225138152006
Netherlands,Europe,Europe & Central Asia,2005,37625.56,3.55,4.1,3.6,2.65,3.62,3.95,5.15879,119.33037,13.5,17.3,22.5,38.0,23.4,53.3,-29.9,19031.48627605321,21434.79485587751
Netherlands,Europe,Europe & Central Asia,2006,41011.15,3.45,4.1,3.6,2.65,3.6,4.0,5.09047,119.4944,13.3,17.0,22.0,39.0,24.7,52.3,-27.6,21932.41883810702,24512.627397567165
Netherlands,Europe,Europe & Central Asia,2007,43944.71,3.75,4.3125,3.75,2.625,3.7375,4.1875,4.93376,120.56636,13.4,17.1,22.2,38.6,24.1,52.7,-28.6,25721.86151049317,29156.966015362512
Netherlands,Europe,Europe & Central Asia,2008,46420.2,3.875,4.375,3.75,2.5625,3.7875,4.3125,5.09227,121.62638,13.5,17.3,22.4,38.1,23.7,53.2,-29.500000000000004,30095.39218707407,33191.46991294264
Netherlands,Europe,Europe & Central Asia,2009,44557.39,3.777777778,4.277777778,3.777777778,2.611111111,3.733333333,4.388888888888889,5.49579,121.77332,13.8,17.6,22.7,37.0,22.4,54.1,-31.700000000000003,23120.474956244223,26103.58888557244
Netherlands,Europe,Europe & Central Asia,2010,45041.58,3.777777778,4.277777778,3.833333333,2.666666667,3.755555556,4.333333333333333,5.5558,123.13176,13.8,17.7,22.6,36.9,22.4,54.1,-31.700000000000003,26480.66203106589,29649.96626778757
Netherlands,Europe,Europe & Central Asia,2011,46599.02,3.75,4.1875,3.875,2.875,3.7375,4.1875,5.52617,129.0815,13.8,17.6,22.5,37.0,22.6,53.900000000000006,-31.300000000000004,30412.445073994106,34107.43706880925
Netherlands,Europe,Europe & Central Asia,2012,47272.1,3.75,4.25,3.875,3.0,3.75,4.3125,5.47565,130.1759,13.9,17.6,22.4,37.0,22.5,53.9,-31.4,29878.164805151275,32975.418920758995
Netherlands,Europe,Europe & Central Asia,2013,49241.52,3.75,4.1875,3.8125,3.0,3.725,4.3125,5.60813,132.12091,13.8,17.5,22.5,37.2,22.8,53.8,-31.0,30531.38616773801,34223.82730386585
New Zealand,Pacific,East Asia & Pacific,2005,25677.42,3.181818182,3.318181818,3.5,2.863636364,3.14,3.727272727272727,6.26886,120.10327,11.9,16.3,22.1,41.95,27.0,50.5,-23.45,6345.593465250732,5256.185190498077
New Zealand,Pacific,East Asia & Pacific,2010,31224.75,3.045454545,3.363636364,3.727272727,3.0,3.263636364,3.954545454545455,7.0531,118.95163,11.9,16.3,22.1,41.95,27.0,50.5,-23.45,7015.317179797044,7208.819453201553
Nicaragua,Latin America,Latin America & Caribbean,2005,3384.23,3.5,4.0,4.0,3.5,3.7,4.5,4.81376,68.51656,8.5,12.8,19.3,54.6,39.6,40.6,-1.0,464.8395982310963,158.76699046213176
Nicaragua,Latin America,Latin America & Caribbean,2010,3959.97,3.5,3.5,4.0,2.5,3.6,4.5,4.49311,74.18835,11.9,16.3,22.1,41.95,27.0,50.5,-23.45,715.667086483095,315.52474429337127
Niger,Western Africa,Africa Western and Central,2005,881.85,3.5,2.5,3.5,3.0,3.0,4.0,4.81376,9.90822,9.7,13.7,19.8,51.0,36.2,43.2,-7.0,53.08970907068173,35.057073286669336
Niger,Western Africa,Africa Western and Central,2007,948.69,3.0,2.5,3.5,3.0,3.0,4.0,4.02096,10.89765,11.4,14.8,20.4,45.7,31.4,46.6,-15.200000000000005,64.14906349382895,42.09156763519195
Niger,Western Africa,Africa Western and Central,2010,1051.09,3.0,2.5,3.5,3.0,3.2,4.0,3.73338,13.51845,11.9,16.3,22.1,41.95,27.0,50.5,-23.45,136.50755273616053,28.750479755481035
Niger,Western Africa,Africa Western and Central,2011,1057.84,3.0,2.5,4.0,3.0,3.4,3.5,4.20718,14.35081,12.7,16.2,21.4,40.8,26.4,50.3,-23.9,110.9275605573811,62.5263716974119
Niger,Western Africa,Africa Western and Central,2014,1134.74,3.0,2.5,4.0,3.0,3.3,4.0,6.77797,18.81946,11.8,16.0,22.0,42.4,27.0,49.8,-22.8,111.04121466152152,54.18523004371151
Nigeria,Western Africa,Africa Western and Central,2010,4632.13,3.5,3.0,3.5,3.0,3.2,3.5,4.81376,43.83671,11.3,15.9,22.8,43.0,26.8,50.0,-23.2,274.8337034261828,537.8463998336208
Norway,Europe,Europe & Central Asia,2005,47966.86,3.55,4.1,3.6,2.65,3.62,3.95,6.86868,113.87617,13.5,16.6,21.2,39.7,26.3,51.3,-25.0,12007.709422454263,22452.452555193908
Norway,Europe,Europe & Central Asia,2006,54366.01,3.45,4.1,3.6,2.65,3.6,4.0,6.38567,114.04077,14.4,18.0,23.0,35.5,21.2,55.4,-34.2,13775.434548199972,26193.741912496836
Norway,Europe,Europe & Central Asia,2007,56175.66,3.75,4.3125,3.75,2.625,3.7375,4.1875,6.53527,113.62567,14.1,17.5,22.6,36.5,22.2,54.2,-32.0,16987.65063093257,28813.9660635093
Norway,Europe,Europe & Central Asia,2008,62072.75,3.875,4.375,3.75,2.5625,3.7875,4.3125,6.28934,112.7376,14.2,17.7,22.8,36.2,21.8,54.7,-32.900000000000006,18759.031076114697,35442.8211767606
Norway,Europe,Europe & Central Asia,2009,55620.84,3.777777778,4.277777778,3.777777778,2.611111111,3.733333333,4.388888888888889,7.09981,111.69433,14.4,17.9,22.8,35.6,21.3,55.1,-33.8,14173.16164456049,24084.181341770065
Norway,Europe,Europe & Central Asia,2010,58226.71,3.777777778,4.277777778,3.833333333,2.666666667,3.755555556,4.333333333333333,6.74995,113.23055,14.5,18.0,22.8,35.3,21.0,55.3,-34.3,15816.358947135472,26723.268187240094
Norway,Europe,Europe & Central Asia,2011,62460.09,3.75,4.1875,3.875,2.875,3.7375,4.1875,6.45617,112.98291,14.4,18.2,23.0,34.8,20.5,55.6,-35.1,18328.667070724365,32385.821021552616
Norway,Europe,Europe & Central Asia,2012,65774.35,3.75,4.25,3.875,3.0,3.75,4.3125,7.37182,110.72072,14.4,18.1,22.9,35.2,20.9,55.4,-34.5,17396.933665406483,32071.309392729767
Oman,Middle East,Middle East & North Africa,2005,43198.02,3.0,2.75,3.25,2.75,3.1,4.25,3.51722,88.53398,11.9,16.3,22.1,41.95,27.0,50.5,-23.45,3566.306230697299,7431.458823819414
Pakistan,South Asia,South Asia,2005,3475.59,4.0,2.0,3.5,2.5,3.1,4.0,2.25436,26.50006,12.8,16.0,20.8,41.1,27.1,49.6,-22.5,143.92540772778912,92.04569373249154
Pakistan,South Asia,South Asia,2007,3915.45,4.0,2.0,3.5,2.5,3.1,4.0,2.63527,34.70948,13.1,16.3,21.1,39.8,25.7,50.5,-24.8,179.16186278704012,98.05388787034376
Pakistan,South Asia,South Asia,2010,4040.59,3.5,2.0,3.5,2.5,2.9,3.5,2.28688,35.84846,13.3,16.6,21.3,38.9,25.1,51.2,-26.1,193.03757754166224,110.11883448949584
Pakistan,South Asia,South Asia,2011,4149.38,3.0,2.5,3.5,2.5,3.1,3.5,2.22175,36.7116,13.1,16.4,21.1,39.8,25.8,50.6,-24.8,219.4242620159648,127.6103688711482
Pakistan,South Asia,South Asia,2013,4302.06,3.0,2.5,3.5,2.5,3.1,3.5,2.49344,39.82736,13.2,16.6,21.3,39.4,25.3,51.1,-25.8,213.1864368049719,122.3394441685248
Panama,Latin America,Latin America & Caribbean,2005,10996.59,3.777777778,4.0,3.555555556,3.444444444,3.575,4.222222222222222,4.81376,68.21743,6.9,11.9,20.7,57.7,40.2,39.5,0.7000000000000028,1256.0954805213034,291.3654168889986
Panama,Latin America,Latin America & Caribbean,2008,15000.64,3.666666667,3.833333333,3.666666667,3.444444444,3.611111111,4.277777777777778,3.54055,69.05728,7.5,12.4,20.0,57.0,40.7,39.9,0.8000000000000043,4502.222125806374,2808.539404899642
Panama,Latin America,Latin America & Caribbean,2010,15789.83,3.666666667,3.666666667,3.666666667,3.388888889,3.555555556,4.277777777777778,4.81376,71.34772,7.8,12.6,20.2,56.0,39.7,40.6,-0.8999999999999915,4618.894147753474,3031.9436593326504
Panama,Latin America,Latin America & Caribbean,2011,17624.98,3.5,3.722222222,3.611111111,3.388888889,3.533333333,4.222222222222222,3.29343,70.85691,7.8,12.6,20.3,55.8,39.7,40.7,-1.0,6338.797839277746,4309.303299505459
Paraguay,Latin America,Latin America & Caribbean,2005,7963.72,3.777777778,4.0,3.555555556,3.444444444,3.575,4.222222222222222,4.81376,66.91931,7.9,12.2,19.7,56.3,40.4,39.8,0.6000000000000014,595.2433108789351,575.6140025394029
Paraguay,Latin America,Latin America & Caribbean,2007,9126.94,3.777777778,3.833333333,3.666666667,3.444444444,3.5625,4.277777777777778,3.54604,66.24104,7.8,12.1,18.9,57.6,42.5,38.8,3.700000000000003,1050.9212197536915,844.9786966169929
Paraguay,Latin America,Latin America & Caribbean,2010,10833.9,3.666666667,3.666666667,3.666666667,3.388888889,3.555555556,4.277777777777778,3.76766,68.32355,8.1,12.8,19.7,55.6,40.5,40.6,-0.0999999999999943,1739.3203270872912,1129.6536659678852
Paraguay,Latin America,Latin America & Caribbean,2011,11384.37,3.5,3.722222222,3.611111111,3.388888889,3.533333333,4.222222222222222,4.96644,70.39032,7.7,12.5,19.6,56.7,41.4,39.8,1.6000000000000014,2116.0600161979787,1330.685024604124
Paraguay,Latin America,Latin America & Caribbean,2012,10861.36,3.444444444,3.611111111,3.611111111,3.388888889,3.533333333,4.222222222222222,4.96305,76.57348,8.8,13.8,20.7,52.5,36.9,43.3,-6.399999999999999,1950.786460705665,1229.5114243324945
Peru,Latin America,Latin America & Caribbean,2005,6548.05,3.777777778,4.0,3.555555556,3.444444444,3.575,4.222222222222222,2.88118,85.44732,7.8,13.0,20.8,54.7,38.5,41.6,-3.1000000000000014,444.1578603350727,608.0266609543299
Peru,Latin America,Latin America & Caribbean,2006,7198.51,3.722222222,4.0,3.611111111,3.444444444,3.5875,4.111111111111111,2.67639,88.07086,7.9,13.2,21.1,54.5,38.2,42.2,-4.0,539.4988460621545,837.3500386771778
Peru,Latin America,Latin America & Caribbean,2007,7961.3,3.777777778,3.833333333,3.666666667,3.444444444,3.5625,4.277777777777778,2.6294,90.51896,8.0,13.3,21.1,54.2,37.8,42.400000000000006,-4.6000000000000085,712.1679220634322,981.9652179881342
Peru,Latin America,Latin America & Caribbean,2008,8791.26,3.666666667,3.833333333,3.666666667,3.444444444,3.611111111,4.277777777777778,2.84365,91.04757,8.6,14.0,21.8,51.8,35.4,44.400000000000006,-9.000000000000007,1039.8045699560705,1086.1629749305575
Peru,Latin America,Latin America & Caribbean,2009,8881.93,3.611111111,3.777777778,3.611111111,3.5,3.566666667,4.277777777777778,3.13037,93.40124,8.7,13.9,21.7,51.6,35.2,44.3,-9.099999999999994,751.9483231358081,921.7125395812368
Peru,Latin America,Latin America & Caribbean,2010,9664.27,3.666666667,3.666666667,3.666666667,3.388888889,3.555555556,4.277777777777778,2.84742,94.70003,9.2,14.4,21.8,50.3,34.2,45.400000000000006,-11.200000000000005,1240.27276896699,1313.8137200674714
Peru,Latin America,Latin America & Caribbean,2011,10400.95,3.5,3.722222222,3.611111111,3.388888889,3.533333333,4.222222222222222,2.68161,95.20703,9.4,14.8,22.0,49.5,33.5,46.2,-12.700000000000005,1285.4126426601974,1573.595934346485
Peru,Latin America,Latin America & Caribbean,2012,10679.8,3.444444444,3.611111111,3.611111111,3.388888889,3.533333333,4.222222222222222,2.92164,93.43105,9.5,14.8,22.0,49.3,33.3,46.3,-13.0,1976.3527080843369,1762.5814361136215
Peru,Latin America,Latin America & Caribbean,2013,11196.38,3.444444444,3.555555556,3.611111111,3.5,3.533333333,4.222222222222222,3.28523,97.89767,9.6,14.9,22.1,48.9,32.7,46.6,-13.9,2016.5538863571453,1601.7405605858075
Peru,Latin America,Latin America & Caribbean,2014,11410.33,3.444444444,3.5,3.611111111,3.5,3.522222222,4.222222222222222,3.66254,95.62184,9.8,15.0,22.2,48.3,32.1,47.0,-14.9,1389.512617349023,1273.1737958033866
Philippines,Pacific,East Asia & Pacific,2005,4375.8,3.181818182,3.318181818,3.5,2.863636364,3.14,3.727272727272727,2.42629,82.84607,11.9,16.3,22.1,41.95,27.0,50.5,-23.45,573.6923825008332,478.2527898563956
Philippines,Pacific,East Asia & Pacific,2006,4661.96,3.0,3.333333333,3.375,2.875,3.090909091,3.7083333333333335,2.53381,81.23679,8.5,12.8,20.6,53.1,36.6,41.900000000000006,-5.300000000000004,615.2088833185337,539.3529877959886
Philippines,Pacific,East Asia & Pacific,2009,5236.98,3.045454545,3.363636364,3.590909091,2.954545455,3.218181818,4.0,2.65295,84.25254,8.8,13.0,20.4,52.5,36.3,42.2,-5.900000000000006,493.5905573599719,413.5240751146318
Portugal,Europe,Europe & Central Asia,2005,22725.28,3.55,4.1,3.6,2.65,3.62,3.95,5.07074,98.02078,11.3,15.0,21.0,46.1,30.6,47.3,-16.699999999999996,6084.140319974713,3681.8864637215056
Portugal,Europe,Europe & Central Asia,2006,24681.14,3.45,4.1,3.6,2.65,3.6,4.0,4.90801,98.58061,11.1,15.1,21.7,45.4,29.7,47.9,-18.2,6719.751576083072,4255.484715491536
Portugal,Europe,Europe & Central Asia,2007,25736.35,3.75,4.3125,3.75,2.625,3.7375,4.1875,4.92191,102.07882,11.6,15.7,21.7,44.2,28.9,49.0,-20.1,7803.043807415069,4978.069378212806
Portugal,Europe,Europe & Central Asia,2008,26665.84,3.875,4.375,3.75,2.5625,3.7875,4.3125,4.70212,103.83484,11.7,15.8,21.6,44.1,28.9,49.1,-20.200000000000003,8955.502992893566,5421.985711453786
Portugal,Europe,Europe & Central Asia,2009,26459.16,3.777777778,4.277777778,3.777777778,2.611111111,3.733333333,4.388888888888889,5.56215,106.07156,12.0,16.3,22.0,42.5,27.5,50.3,-22.8,6794.967668810164,4187.069043427921
Portugal,Europe,Europe & Central Asia,2010,27260.55,3.777777778,4.277777778,3.833333333,2.666666667,3.755555556,4.333333333333333,5.40289,106.94795,11.8,15.9,21.9,43.4,28.3,49.6,-21.3,7347.175966651219,4673.563218734335
Portugal,Europe,Europe & Central Asia,2011,26769.51,3.75,4.1875,3.875,2.875,3.7375,4.1875,5.12127,106.81678,11.9,15.8,21.6,43.8,28.7,49.3,-20.600000000000005,7854.43015261102,5644.135755326041
Qatar,Middle East,Middle East & North Africa,2005,112073.1,3.0,2.75,3.25,2.75,3.1,4.25,3.97188,111.14769,11.9,16.3,22.1,41.95,27.0,50.5,-23.45,11854.328474979677,30354.889044549964
Qatar,Middle East,Middle East & North Africa,2010,143070.21,3.5,2.5,3.25,2.5,3.2,4.25,4.53966,101.05862,11.9,16.3,22.1,41.95,27.0,50.5,-23.45,13562.585928600109,43749.19197912581
Romania,Europe,Europe & Central Asia,2005,9602.1,3.55,4.1,3.6,2.65,3.62,3.95,3.45668,83.71563,11.9,16.3,22.1,41.95,27.0,50.5,-23.45,1897.8970298763795,1300.6560016247895
Romania,Europe,Europe & Central Asia,2007,13701.64,3.75,4.3125,3.75,2.625,3.7375,4.1875,4.22328,89.2293,11.4,16.6,23.2,43.3,27.4,51.2,-23.800000000000004,3371.855377127654,1937.9751358623016
Romania,Europe,Europe & Central Asia,2009,16632.78,3.777777778,4.277777778,3.777777778,2.611111111,3.733333333,4.388888888888889,4.16182,97.94383,11.8,16.9,23.7,41.5,25.7,52.4,-26.7,2668.1779407469367,1992.3308962362416
Romania,Europe,Europe & Central Asia,2010,17355.85,3.777777778,4.277777778,3.833333333,2.666666667,3.755555556,4.333333333333333,3.45849,100.23869,11.8,17.1,24.2,41.1,25.0,53.1,-28.1,3062.5287434290462,2440.544324256326
Romania,Europe,Europe & Central Asia,2011,18802.95,3.75,4.1875,3.875,2.875,3.7375,4.1875,3.02775,100.41964,11.6,17.1,24.6,41.2,24.9,53.3,-28.40000000000001,3790.3054254100057,3111.6473150453
Romania,Europe,Europe & Central Asia,2012,19809.19,3.75,4.25,3.875,3.0,3.75,4.3125,2.93955,99.36214,11.5,17.1,24.3,41.8,25.5,52.900000000000006,-27.40000000000001,3502.821618817596,2886.8396347897487
Rwanda,Eastern Africa,Africa Eastern and Southern,2005,916.98,3.5,3.5,4.0,3.0,3.6,3.5,4.81376,15.98657,8.1,11.7,17.6,58.0,43.9,37.4,6.5,41.46529890046851,16.607951719746932
Rwanda,Eastern Africa,Africa Eastern and Southern,2010,1315.03,4.0,4.0,4.5,3.5,4.0,4.0,4.95011,32.76186,9.1,12.7,18.5,54.1,39.8,40.3,-0.5,121.19762351786504,23.290875738951605
Rwanda,Eastern Africa,Africa Eastern and Southern,2013,1503.84,4.5,4.0,4.5,3.5,4.1,4.5,5.02795,40.15979,9.6,13.2,19.0,52.2,37.9,41.8,-3.899999999999999,178.5994682859292,56.069662268823166
Sao Tome and Principe,Central Africa,Africa Western and Central,2005,2230.28,3.0,3.0,3.5,3.5,2.8,4.0,5.25117,43.17042,11.9,16.3,22.1,41.95,27.0,50.5,-23.45,308.3894359228105,21.13041192478971
Sao Tome and Principe,Central Africa,Africa Western and Central,2010,2849.29,2.5,3.0,3.0,3.5,3.0,4.0,9.7641,52.9637,12.7,16.8,22.6,39.5,24.2,52.1,-27.9,615.7536812746379,35.03539623801733
Saudi Arabia,Middle East,Middle East & North Africa,2005,46012.76,3.0,2.75,3.25,2.75,3.1,4.25,5.43093,86.16687,11.9,16.3,22.1,41.95,27.0,50.5,-23.45,2345.823552880762,7389.144907885367
Senegal,Western Africa,Africa Western and Central,2005,2405.91,3.5,3.5,3.5,3.0,3.4,4.5,5.13697,22.01669,10.7,15.2,22.1,45.8,30.0,48.0,-18.0,318.7244782854691,134.02583666186536
Senegal,Western Africa,Africa Western and Central,2010,2684.49,4.0,3.5,3.5,3.0,3.4,4.0,5.59999,35.5977,11.9,16.3,22.1,41.95,27.0,50.5,-23.45,381.2285982654118,166.45184755646014
Serbia,Europe,Europe & Central Asia,2010,12798.16,3.777777778,4.277777778,3.833333333,2.666666667,3.755555556,4.333333333333333,4.58655,91.42763,11.9,16.3,22.1,41.95,27.0,50.5,-23.45,2295.090983723919,1343.2903750372354
Serbia,Europe,Europe & Central Asia,2012,13933.83,3.75,4.25,3.875,3.0,3.75,4.3125,4.42657,94.16962,10.9,16.3,23.2,45.0,28.7,50.400000000000006,-21.700000000000006,2628.794111106188,1559.7875526265382
Slovenia,Europe,Europe & Central Asia,2005,23852.64,3.55,4.1,3.6,2.65,3.62,3.95,5.58241,97.12325,14.6,18.2,22.7,34.6,20.6,55.5,-34.9,9810.824940988983,8945.891833135547
Slovenia,Europe,Europe & Central Asia,2006,25718.76,3.45,4.1,3.6,2.65,3.6,4.0,5.57559,96.83547,14.7,18.2,22.7,34.4,20.4,55.6,-35.2,11467.335226332772,10455.452421883252
Slovenia,Europe,Europe & Central Asia,2007,27573.64,3.75,4.3125,3.75,2.625,3.7375,4.1875,5.10509,98.25645,14.7,18.2,22.6,34.4,20.4,55.5,-35.1,14605.752089814194,13156.351312259616
Slovenia,Europe,Europe & Central Asia,2008,29604.29,3.875,4.375,3.75,2.5625,3.7875,4.3125,5.10609,98.10135,14.9,18.3,22.6,34.0,20.1,55.8,-35.7,16813.57286391638,14472.217258954068
Slovenia,Europe,Europe & Central Asia,2009,27538.01,3.777777778,4.277777778,3.777777778,2.611111111,3.733333333,4.388888888888889,5.56859,97.79404,14.6,18.2,22.7,34.7,20.6,55.5,-34.9,11718.485312077595,10984.829044810702
Slovenia,Europe,Europe & Central Asia,2010,27825.48,3.777777778,4.277777778,3.833333333,2.666666667,3.755555556,4.333333333333333,5.56251,97.85898,14.7,18.2,22.7,34.8,20.7,55.6,-34.89999999999999,12980.537236226211,11927.635942502697
Slovenia,Europe,Europe & Central Asia,2011,28931.38,3.75,4.1875,3.875,2.875,3.7375,4.1875,5.56563,97.8459,14.7,18.2,22.6,34.8,20.8,55.5,-34.7,15216.381675072083,14119.022454225676
Slovenia,Europe,Europe & Central Asia,2012,29042.82,3.75,4.25,3.875,3.0,3.75,4.3125,5.66161,97.85595,14.6,18.2,22.6,35.2,21.1,55.4,-34.3,13796.973582498971,13163.796075558574
South Africa,Southern Africa,Africa Eastern and Southern,2005,10540.14,3.055555556,3.25,3.277777778,2.805555556,3.144444444,3.4166666666666665,5.06321,88.91318,4.7,7.5,14.2,71.0,54.2,26.4,27.800000000000004,1122.7221919505023,958.6654754304652
South Africa,Southern Africa,Africa Eastern and Southern,2008,12658.03,2.972222222,3.25,3.25,2.694444444,3.138888889,3.5,4.86601,89.49576,4.9,8.1,15.8,68.7,51.3,28.8,22.5,1732.2586977343506,1462.7579986651851
South Africa,Southern Africa,Africa Eastern and Southern,2010,12771.91,2.916666667,3.333333333,3.333333333,2.555555556,3.2,3.555555555555556,5.72173,90.25352,4.7,8.0,15.9,68.9,51.3,28.6,22.7,1598.842753586261,1589.8166543199902
South Africa,Southern Africa,Africa Eastern and Southern,2014,13556.03,3.027777778,3.305555556,3.277777778,2.555555556,3.255555556,3.5277777777777777,6.05628,93.80908,4.8,8.2,16.5,68.2,50.5,29.5,21.0,1823.4127754012088,1691.7864432099946
Spain,Europe,Europe & Central Asia,2005,27606.93,3.55,4.1,3.6,2.65,3.62,3.95,4.13003,117.51314,12.8,17.4,23.2,39.6,24.3,53.4,-29.1,6633.767076456146,4416.351675734847
Spain,Europe,Europe & Central Asia,2006,30718.22,3.45,4.1,3.6,2.65,3.6,4.0,4.1676,117.54267,12.5,17.2,23.2,40.4,24.9,52.9,-28.0,7428.291026427361,4819.887250307547
Spain,Europe,Europe & Central Asia,2007,32473.65,3.75,4.3125,3.75,2.625,3.7375,4.1875,4.23331,117.50554,12.2,16.9,23.1,41.0,25.6,52.2,-26.6,8652.09539178626,5611.240088391567
Spain,Europe,Europe & Central Asia,2008,33263.27,3.875,4.375,3.75,2.5625,3.7875,4.3125,4.501,117.6678,12.3,17.0,23.1,41.0,25.6,52.400000000000006,-26.800000000000004,9111.426623022717,6075.5667147464255
Spain,Europe,Europe & Central Asia,2009,32092.72,3.777777778,4.277777778,3.777777778,2.611111111,3.733333333,4.388888888888889,4.86781,118.39464,12.2,16.9,23.2,41.5,25.9,52.3,-26.4,6200.637930104377,4811.983921974544
Spain,Europe,Europe & Central Asia,2010,31681.1,3.777777778,4.277777778,3.833333333,2.666666667,3.755555556,4.333333333333333,4.81924,124.38406,12.0,16.8,23.2,41.7,26.0,52.0,-26.0,6830.936034094286,5315.203927340823
Spain,Europe,Europe & Central Asia,2011,31867.97,3.75,4.1875,3.875,2.875,3.7375,4.1875,4.86651,128.59216,11.8,16.9,23.5,41.8,25.9,52.2,-26.300000000000004,7831.350579661588,6401.157992260031
Spain,Europe,Europe & Central Asia,2012,31720.27,3.75,4.25,3.875,3.0,3.75,4.3125,4.4189,131.03416,11.9,17.0,23.4,41.6,25.8,52.3,-26.5,7091.266754044053,6214.695238690695
Spain,Europe,Europe & Central Asia,2013,32444.46,3.75,4.1875,3.8125,3.0,3.725,4.3125,4.30494,131.08604,11.7,17.0,23.7,41.9,25.9,52.4,-26.5,7191.142604198988,6716.1329344604665
Sri Lanka,South Asia,South Asia,2010,8316.31,4.0,4.0,3.5,3.0,3.7,3.5,1.71774,96.93236,11.9,16.3,22.1,41.95,27.0,50.5,-23.45,597.705385915427,401.7722089645639
Sri Lanka,South Asia,South Asia,2012,10319.4,4.0,4.0,3.5,3.0,3.6,4.0,1.49617,99.64744,11.0,14.6,20.5,46.6,31.9,46.1,-14.200000000000005,850.9681168904609,445.8161726708197
Sweden,Europe,Europe & Central Asia,2005,34244.47,3.55,4.1,3.6,2.65,3.62,3.95,6.55951,104.11052,14.4,18.2,23.1,35.6,21.1,55.7,-34.6,12331.851581448158,14426.34495477748
Sweden,Europe,Europe & Central Asia,2006,37727.72,3.45,4.1,3.6,2.65,3.6,4.0,6.41068,103.63069,14.3,18.0,22.9,35.6,21.1,55.2,-34.099999999999994,13997.12069560008,16229.318518078016
Sweden,Europe,Europe & Central Asia,2007,40910.32,3.75,4.3125,3.75,2.625,3.7375,4.1875,6.21507,102.63951,14.3,17.8,22.8,36.2,21.7,54.900000000000006,-33.2,16705.41778766545,18480.517789283276
Sweden,Europe,Europe & Central Asia,2008,42158.3,3.875,4.375,3.75,2.5625,3.7875,4.3125,6.39072,101.59046,14.1,17.6,22.8,36.9,22.4,54.5,-32.1,18328.45213244296,19944.4557168574
Sweden,Europe,Europe & Central Asia,2009,40279.88,3.777777778,4.277777778,3.777777778,2.611111111,3.733333333,4.388888888888889,6.85779,99.69329,14.3,17.8,23.0,36.2,21.5,55.1,-33.6,12899.77019040137,14100.765055387876
Sweden,Europe,Europe & Central Asia,2010,42221.76,3.777777778,4.277777778,3.833333333,2.666666667,3.755555556,4.333333333333333,6.622,98.19066,14.2,17.8,22.8,36.6,21.8,54.8,-33.0,15865.455272727197,16891.500710163204
Sweden,Europe,Europe & Central Asia,2011,44608.58,3.75,4.1875,3.875,2.875,3.7375,4.1875,6.49111,96.91104,14.3,17.8,23.0,36.3,21.6,55.1,-33.5,18725.85978292584,19779.22501027334
Sweden,Europe,Europe & Central Asia,2012,45432.43,3.75,4.25,3.875,3.0,3.75,4.3125,7.65619,98.03959,14.3,17.9,23.0,36.4,21.6,55.2,-33.6,17285.26878880481,18114.390400628447
Sweden,Europe,Europe & Central Asia,2013,46312.39,3.75,4.1875,3.8125,3.0,3.725,4.3125,7.71773,128.46305,14.0,17.7,23.2,37.1,22.2,54.9,-32.7,16727.188265191406,17446.521802002193
Thailand,East Asia,East Asia & Pacific,2005,10198.16,3.181818182,3.318181818,3.5,2.863636364,3.14,3.727272727272727,3.93859,71.55975,11.9,16.3,22.1,41.95,27.0,50.5,-23.45,1795.2278459606423,1672.8617304777658
Thailand,East Asia,East Asia & Pacific,2006,10952.2,3.0,3.333333333,3.375,2.875,3.090909091,3.7083333333333335,4.05037,71.7623,9.9,14.3,21.4,48.5,32.5,45.6,-13.1,1938.8630426107543,1968.9532776358092
Thailand,East Asia,East Asia & Pacific,2007,11769.53,3.045454545,3.363636364,3.409090909,2.954545455,3.154545455,3.6818181818181817,3.60314,77.44215,10.3,14.7,21.7,46.7,30.8,46.7,-15.900000000000002,2151.2559148690657,2298.0485655191333
Thailand,East Asia,East Asia & Pacific,2008,12111.37,3.045454545,3.363636364,3.409090909,3.0,3.181818182,3.8181818181818175,3.5085,78.2238,10.1,14.6,21.7,47.2,31.1,46.4,-15.299999999999995,2652.870652713789,2612.691464409161
Thailand,East Asia,East Asia & Pacific,2009,12018.17,3.045454545,3.363636364,3.590909091,2.954545455,3.218181818,4.0,3.8638,80.85283,10.3,14.8,21.8,46.5,30.6,46.900000000000006,-16.300000000000004,1972.606266180554,2248.7684057107435
Thailand,East Asia,East Asia & Pacific,2010,12988.93,3.045454545,3.363636364,3.727272727,3.0,3.263636364,3.954545454545455,3.51031,83.62145,10.4,14.8,21.7,46.5,30.7,46.900000000000006,-16.200000000000006,2671.6284376987546,2860.848415132928
Thailand,East Asia,East Asia & Pacific,2011,13284.12,2.961538462,3.307692308,3.538461538,3.076923077,3.176923077,3.8846153846153846,4.80828,87.44397,11.1,15.1,21.4,45.1,29.9,47.6,-17.699999999999996,3325.190493404974,3330.1483785288124
Thailand,East Asia,East Asia & Pacific,2012,14586.91,2.892857143,3.285714286,3.5,3.142857143,3.178571429,3.928571428571429,4.53768,87.12412,10.4,14.8,21.8,46.3,30.4,47.0,-16.6,3579.9090484129138,3319.178635740292
Thailand,East Asia,East Asia & Pacific,2013,15090.1,2.9,3.3,3.4,3.1,3.133333333,3.966666666666667,4.12567,86.20559,10.8,15.1,22.1,45.1,29.2,48.0,-18.8,3603.237649414112,3284.450015451589
Togo,Western Africa,Africa Western and Central,2005,1346.02,3.0,3.0,2.0,2.0,2.6,4.0,3.40689,45.02997,11.9,16.3,22.1,41.95,27.0,50.5,-23.45,103.75658681801256,63.012874507777774
Togo,Western Africa,Africa Western and Central,2011,1607.27,2.5,3.0,3.0,2.5,3.0,4.0,4.43707,54.70859,8.7,13.4,21.5,51.6,34.5,43.6,-9.1,275.0710725677585,146.83527118461234
Tunisia,Northern Africa,Middle East & North Africa,2005,8012.21,3.0,2.75,3.25,2.75,3.1,4.25,6.45157,84.80422,11.2,15.6,22.1,44.7,29.1,48.9,-19.8,1268.1831314018866,1010.1340322384395
Tunisia,Northern Africa,Middle East & North Africa,2010,10428.54,3.5,2.5,3.25,2.5,3.2,4.25,6.25478,90.42879,11.6,16.1,22.6,42.9,27.0,50.3,-23.300000000000004,2039.0301608168763,1507.7077055910554
Uganda,Eastern Africa,Africa Eastern and Southern,2005,1497.23,4.0,3.5,4.5,3.0,3.9,4.0,4.81376,19.55326,9.9,13.8,20.4,49.8,34.5,44.1,-9.6,73.50225562419284,29.084392985648197
Uganda,Eastern Africa,Africa Eastern and Southern,2009,2017.07,4.0,3.5,4.0,2.5,3.8,4.0,3.2543,27.36668,9.8,13.5,19.6,51.2,36.4,42.900000000000006,-6.500000000000007,135.2126905450438,49.9041281310764
Uganda,Eastern Africa,Africa Eastern and Southern,2010,2094.43,4.0,3.5,4.0,2.5,3.7,4.0,2.25446,27.14043,11.9,16.3,22.1,41.95,27.0,50.5,-23.45,144.22044700270808,50.04690101901791
Ukraine,Europe,Europe & Central Asia,2005,7214.11,3.55,4.1,3.6,2.65,3.62,3.95,6.05848,96.99604,13.3,17.2,22.6,38.0,23.2,53.1,-29.9,766.8372001876397,726.6288017084154
Ukraine,Europe,Europe & Central Asia,2006,8054.04,3.45,4.1,3.6,2.65,3.6,4.0,6.20873,97.67863,13.1,17.0,22.3,38.8,24.1,52.400000000000006,-28.300000000000004,962.2515714678184,820.0347265630394
Ukraine,Europe,Europe & Central Asia,2007,9004.88,3.75,4.3125,3.75,2.625,3.7375,4.1875,6.1512,97.06345,13.8,17.6,22.5,36.6,22.0,53.900000000000006,-31.90000000000001,1302.976163311661,1059.881172250185
Ukraine,Europe,Europe & Central Asia,2008,9434.44,3.875,4.375,3.75,2.5625,3.7875,4.3125,6.42993,96.05105,13.9,17.6,22.5,36.4,21.9,54.0,-32.1,1847.205493669456,1447.36116805178
Ukraine,Europe,Europe & Central Asia,2009,8093.56,3.777777778,4.277777778,3.777777778,2.611111111,3.733333333,4.388888888888889,7.31088,94.93582,14.2,17.8,22.5,35.4,21.2,54.5,-33.3,986.094662512034,861.949542564033
Ukraine,Europe,Europe & Central Asia,2010,8559.93,3.777777778,4.277777778,3.833333333,2.666666667,3.755555556,4.333333333333333,4.81376,95.09127,14.3,17.9,22.4,35.2,21.0,54.6,-33.6,1324.0931640062236,1121.2002347204289
Ukraine,Europe,Europe & Central Asia,2011,9246.77,3.75,4.1875,3.875,2.875,3.7375,4.1875,6.16238,93.24954,14.4,18.0,22.5,34.9,20.7,54.9,-34.2,1807.3640622826465,1496.3660246690124
Ukraine,Europe,Europe & Central Asia,2012,9705.36,3.75,4.25,3.875,3.0,3.75,4.3125,6.69233,97.10629,14.3,17.9,22.6,35.0,20.8,54.8,-34.0,1856.7769605044523,1506.6782217456223
Ukraine,Europe,Europe & Central Asia,2013,11111.05,3.75,4.1875,3.8125,3.0,3.725,4.3125,6.67165,98.34995,14.5,17.9,22.2,35.1,21.1,54.6,-33.49999999999999,1692.3853203260662,1391.9753521064836
United Kingdom,Europe,Europe & Central Asia,2005,32747.05,3.55,4.1,3.6,2.65,3.62,3.95,5.195,105.38728,11.8,16.2,22.1,42.8,27.8,50.1,-22.3,8749.17881778718,6502.254585363743
United Kingdom,Europe,Europe & Central Asia,2006,34751.67,3.45,4.1,3.6,2.65,3.6,4.0,5.23207,98.29451,11.8,16.0,21.9,43.3,28.3,49.7,-21.4,10104.252798519296,7536.935495067778
United Kingdom,Europe,Europe & Central Asia,2007,35546.26,3.75,4.3125,3.75,2.625,3.7375,4.1875,5.15348,96.93358,12.0,16.5,22.5,41.8,26.5,51.0,-24.5,11087.58331520376,7403.5755855240195
United Kingdom,Europe,Europe & Central Asia,2008,36771.01,3.875,4.375,3.75,2.5625,3.7875,4.3125,5.10942,97.78373,11.8,16.2,22.2,42.7,27.6,50.2,-22.6,11412.04423292218,7798.809211093339
United Kingdom,Europe,Europe & Central Asia,2009,35094.36,3.777777778,4.277777778,3.777777778,2.611111111,3.733333333,4.388888888888889,5.30917,99.36228,11.9,16.2,22.2,42.5,27.4,50.3,-22.9,8864.404284151893,5774.519573153627
United Kingdom,Europe,Europe & Central Asia,2010,36578.93,3.777777778,4.277777778,3.833333333,2.666666667,3.755555556,4.333333333333333,5.9406,101.90886,12.2,16.5,22.3,41.5,26.4,51.0,-24.6,9999.26510150779,6723.571111263174
United Kingdom,Europe,Europe & Central Asia,2011,37260.67,3.75,4.1875,3.875,2.875,3.7375,4.1875,5.76205,92.84833,12.3,16.6,22.5,41.0,25.9,51.400000000000006,-25.500000000000007,11343.973007901985,8177.338356807534
United Kingdom,Europe,Europe & Central Asia,2013,39975.19,3.75,4.1875,3.8125,3.0,3.725,4.3125,5.68625,124.42597,12.3,16.7,22.8,40.5,25.3,51.8,-26.5,10248.561158866698,8546.025452829519
Uruguay,Latin America,Latin America & Caribbean,2005,12176.09,3.777777778,4.0,3.555555556,3.444444444,3.575,4.222222222222222,2.71476,101.21551,11.9,16.3,22.1,41.95,27.0,50.5,-23.45,1169.160334452092,1031.4157219007948
Uruguay,Latin America,Latin America & Caribbean,2006,13048.08,3.722222222,4.0,3.611111111,3.444444444,3.5875,4.111111111111111,2.88026,100.81205,8.8,13.5,21.2,51.6,35.0,43.5,-8.5,1446.6127640579575,1200.7774159448234
Uruguay,Latin America,Latin America & Caribbean,2010,17688.38,3.666666667,3.666666667,3.666666667,3.388888889,3.555555556,4.277777777777778,4.81376,90.29585,9.2,14.0,21.6,50.1,33.6,44.8,-11.199999999999996,2571.623959964816,2005.6253117309257
Vanuatu,Pacific,East Asia & Pacific,2010,2652.84,3.5,3.5,3.5,3.0,3.0,3.0,4.81376,59.5327,11.2,15.6,21.9,44.5,29.1,48.7,-19.599999999999994,1124.4812408078126,188.11763962958284
Viet Nam,East Asia,East Asia & Pacific,2010,5391.17,3.5,4.5,4.5,3.0,4.0,3.5,6.28534,96.59815,10.8,15.0,21.4,46.3,30.9,47.2,-16.300000000000004,970.57053486579,826.4023416180104
