gdp,cpia_regulation,cpia_gender,cpia_resources,cpia_transparency,education$,coll_enrollment,income_middle60%,comm_export_capita
1771.2,2.5,2.0,3.0,2.0,4.51116,53.24683,50.5,13.78106261754305
5865.29,3.5,4.0,3.5,3.0,3.23872,76.88706,52.4,218.5741366308405
6586.47,2.0,3.5,2.5,2.5,3.43897,28.78131,50.5,2251.8275198129104
13513.67,3.777777778,4.0,3.555555556,3.444444444,3.47405,94.00599,44.2,1026.5132277674145
14896.73,3.722222222,4.0,3.611111111,3.444444444,3.65499,93.34507,45.4,1179.07641825332
16510.45,3.777777778,3.833333333,3.666666667,3.444444444,3.89634,93.70675,45.3,1398.821962252036
17336.93,3.666666667,3.833333333,3.666666667,3.444444444,4.33781,95.24628,46.3,1738.57209170068
16249.73,3.611111111,3.777777778,3.611111111,3.5,4.88998,98.83082,47.4,1368.3919005883788
18063.91,3.666666667,3.666666667,3.666666667,3.388888889,4.60637,101.80112,46.900000000000006,1671.4153532373489
19322.23,3.5,3.722222222,3.611111111,3.388888889,4.98631,103.59968,47.3,2011.102635459844
19641.35,3.444444444,3.611111111,3.611111111,3.388888889,5.09904,105.19255,48.5,1916.5135553836649
20131.68,3.444444444,3.555555556,3.611111111,3.5,5.3441,106.32314,48.900000000000006,1799.9454625845335
5339.9,4.0,4.5,4.5,2.5,2.71203,91.05856,47.2,307.4833259277393
6274.03,4.0,4.5,4.5,3.5,2.71577,93.88583,52.2,331.72501210975366
7380.23,4.0,4.5,4.5,3.5,3.01894,94.87297,51.6,373.1943404208437
8097.31,4.0,4.5,4.5,3.0,3.17273,92.70561,52.5,353.6251652046426
7045.33,4.0,4.5,4.5,3.0,3.84079,96.63288,53.1,230.74260262807763
7331.39,4.0,4.5,4.5,3.0,3.249,96.59815,51.5,343.28722465824
33018.16,3.181818182,3.318181818,3.5,2.863636364,4.91266,148.36611,50.5,5254.094777409193
37517.85,3.045454545,3.363636364,3.409090909,3.0,4.63529,128.03405,50.0,8793.414452375358
39363.62,3.045454545,3.363636364,3.727272727,3.0,5.56894,132.4567,50.6,9627.411635299057
6740.42,3.5,4.0,3.5,2.5,2.97462,96.59815,51.4,518.0206041576052
14678.77,4.0,4.0,4.0,2.5,2.78062,98.80386,50.5,2350.081704536569
2074.01,3.5,4.0,3.5,2.5,4.81376,45.51679,48.7,66.22249554138492
2906.05,3.5,4.0,3.5,3.0,4.81376,50.11942,49.7,129.59656950271133
15202.85,3.777777778,4.0,3.555555556,3.444444444,5.55673,108.55,50.5,1340.5289653662464
16568.37,3.666666667,3.666666667,3.666666667,3.388888889,5.87482,101.90247,50.5,1141.8708169676495
9647.12,3.55,4.1,3.6,2.65,5.87103,96.59815,54.6,1653.2865510509976
14050.57,3.777777778,4.277777778,3.777777778,2.611111111,4.51673,109.52856,53.9,2241.463186759482
15361.83,3.777777778,4.277777778,3.833333333,2.666666667,5.41014,107.05787,53.7,2665.953133310192
16563.2,3.75,4.1875,3.875,2.875,4.84382,106.30808,54.5,4377.534853090526
18105.29,3.75,4.25,3.875,3.0,5.12106,107.00487,54.4,4875.699652243355
18994.19,3.75,4.1875,3.8125,3.0,5.17594,106.22801,54.3,3939.6594336396806
19008.0,3.3,4.0,3.5,2.7,4.98751,107.0318,54.1,3818.64629521147
33177.89,3.55,4.1,3.6,2.65,5.769,108.35425,53.1,32035.88584810381
35256.93,3.45,4.1,3.6,2.65,5.84036,108.50358,54.3,34777.86812859892
36795.85,3.75,4.3125,3.75,2.625,5.84903,107.87072,53.3,40632.037676388376
37883.33,3.875,4.375,3.75,2.5625,6.29139,106.41283,54.2,44052.19509834432
37749.91,3.777777778,4.277777778,3.777777778,2.611111111,6.41536,105.69595,54.3,34351.820876278995
39838.04,3.777777778,4.277777778,3.833333333,2.666666667,6.40799,105.78588,54.2,25214.269810232145
40942.37,3.75,4.1875,3.875,2.875,6.37874,106.48113,54.7,29677.58550228224
9623.87,3.666666667,3.666666667,3.666666667,3.388888889,6.621,75.35979,50.5,947.1828043501208
2011.4,4.0,3.0,3.0,3.5,3.63079,34.58277,50.5,35.36393318345762
3968.93,3.5,4.5,4.0,4.0,7.0781,45.72123,50.5,389.50600235481056
6504.35,3.5,4.0,4.0,4.5,4.02447,66.11239,50.5,586.0709579938655
10907.14,3.055555556,3.25,3.277777778,2.805555556,10.67859,78.52549,50.5,2340.770911667169
10954.86,3.777777778,4.0,3.555555556,3.444444444,4.4767,101.29199,36.3,634.8703268377482
12522.52,3.777777778,3.833333333,3.666666667,3.444444444,4.97835,95.17,37.7,837.701221058643
13281.07,3.666666667,3.833333333,3.666666667,3.444444444,5.2727,96.72012,38.2,1016.049566565393
13222.75,3.611111111,3.777777778,3.611111111,3.5,5.47154,96.66548,38.5,780.349510706615
14989.16,3.5,3.722222222,3.611111111,3.388888889,5.73952,95.26338,39.2,1279.9407132371502
14994.34,3.444444444,3.611111111,3.611111111,3.388888889,5.91431,95.58373,38.6,1199.8964372463777
10291.42,3.55,4.1,3.6,2.65,4.11536,90.45072,50.5,1532.755222110748
11406.49,3.45,4.1,3.6,2.65,3.91204,91.37149,52.6,1986.766657167944
12820.81,3.75,4.3125,3.75,2.625,3.65297,91.69475,50.5,2461.8021651250083
14346.9,3.875,4.375,3.75,2.5625,4.20479,90.61116,52.1,3001.044510281598
14181.95,3.777777778,4.277777778,3.777777778,2.611111111,4.29411,89.52446,52.3,2216.756833654311
14956.36,3.777777778,4.277777778,3.833333333,2.666666667,3.91536,90.42465,51.5,2786.5227895671464
15747.08,3.75,4.1875,3.875,2.875,3.59234,93.18286,52.5,3832.874600453328
16327.86,3.75,4.25,3.875,3.0,3.52336,93.17964,51.2,3654.419570625775
1176.36,3.0,3.5,4.0,3.5,4.43259,14.3003,50.5,25.170490160619025
1454.58,3.5,3.5,4.0,3.5,3.93896,21.9022,50.5,84.25450041022297
1637.93,3.5,3.5,4.0,3.5,4.50015,30.33527,47.3,143.29114239188212
567.7,2.5,3.5,3.0,3.0,3.63169,12.69901,50.5,15.395574751985215
630.36,2.5,4.0,3.5,2.0,6.79287,22.82431,50.5,12.94637617372506
696.5,3.0,4.0,4.0,2.0,5.41475,32.27849,46.8,20.27166383387209
2567.22,3.5,3.5,3.0,2.5,3.12323,26.64419,50.5,164.8987944026719
2786.09,3.0,3.0,3.0,2.5,3.36625,31.76378,45.0,231.7634106562036
12685.03,3.777777778,4.0,3.555555556,3.444444444,3.22508,97.65838,50.5,2601.56132296801
15676.58,3.722222222,4.0,3.611111111,3.444444444,3.02381,98.33355,41.5,3643.5340784966857
16118.38,3.611111111,3.777777778,3.611111111,3.5,4.24129,94.21283,41.400000000000006,3304.148279238649
18104.72,3.666666667,3.666666667,3.666666667,3.388888889,4.1812,94.57371,50.5,4200.14314716497
20330.52,3.5,3.722222222,3.611111111,3.388888889,4.0681,93.78813,42.1,4766.461429527042
22425.59,3.444444444,3.555555556,3.611111111,3.5,4.55744,100.45767,41.9,4401.470207144748
9254.78,3.045454545,3.363636364,3.727272727,3.0,4.81376,84.92116,45.8,1179.4556728785494
8413.0,3.777777778,4.0,3.555555556,3.444444444,3.99501,83.40794,37.400000000000006,501.8940538746887
10291.2,3.666666667,3.833333333,3.666666667,3.444444444,3.9098,93.97066,37.3,858.7381782483216
10357.33,3.611111111,3.777777778,3.611111111,3.5,4.74743,99.23594,37.9,741.3694852793085
10830.2,3.666666667,3.666666667,3.666666667,3.388888889,4.82616,102.02062,37.5,888.5092976391435
11694.73,3.5,3.722222222,3.611111111,3.388888889,4.45981,103.87265,38.3,1257.0050772145223
12095.65,3.444444444,3.611111111,3.611111111,3.388888889,4.38531,99.85003,39.2,1316.5232881435684
12798.66,3.444444444,3.555555556,3.611111111,3.5,4.9049,100.33773,39.2,1272.1562143244737
13390.03,3.444444444,3.5,3.611111111,3.5,4.6708,98.76191,39.3,1173.8907886201594
9772.46,3.777777778,4.0,3.555555556,3.444444444,4.81376,84.36382,43.0,1656.829362075513
10658.28,3.722222222,4.0,3.611111111,3.444444444,4.65442,91.00605,41.2,1657.0535865196707
11680.57,3.777777778,3.833333333,3.666666667,3.444444444,4.73357,92.07306,40.7,2010.7163219346585
12297.21,3.666666667,3.833333333,3.666666667,3.444444444,5.04483,93.14224,41.6,2164.52898507104
12103.38,3.611111111,3.777777778,3.611111111,3.5,6.28912,99.64572,40.2,1936.466961581389
12740.34,3.666666667,3.666666667,3.666666667,3.388888889,6.81181,102.18531,41.9,1956.8038860711183
13410.35,3.5,3.722222222,3.611111111,3.388888889,6.61588,104.56289,41.900000000000006,2184.274072923375
14174.6,3.444444444,3.611111111,3.611111111,3.388888889,6.86298,107.95096,42.2,2375.294624849549
14851.14,3.444444444,3.555555556,3.611111111,3.5,6.92005,114.63662,41.8,2394.2355683512696
15905.15,3.444444444,3.5,3.611111111,3.5,7.01164,120.32665,41.900000000000006,2320.807731703813
20227.4,3.777777778,4.277777778,3.777777778,2.611111111,4.38925,100.62829,53.3,2437.025411010594
20048.35,3.777777778,4.277777778,3.833333333,2.666666667,4.25217,100.71391,53.8,2749.593053496195
21094.04,3.75,4.1875,3.875,2.875,4.15795,99.88217,53.8,3121.9814410148806
27763.15,3.55,4.1,3.6,2.65,6.34274,96.54328,51.8,1491.109899890267
30011.12,3.45,4.1,3.6,2.65,6.39555,96.59815,51.1,1340.5484756091785
32885.29,3.75,4.3125,3.75,2.625,6.34744,97.77915,51.2,1384.1602135448047
34830.27,3.875,4.375,3.75,2.5625,6.80899,98.32904,50.7,1568.409962559159
33886.74,3.777777778,4.277777778,3.777777778,2.611111111,7.30415,98.38756,50.8,1216.0039838916125
33511.3,3.777777778,4.277777778,3.833333333,2.666666667,6.66191,91.4408,51.0,1333.5191840918626
33406.18,3.75,4.1875,3.875,2.875,6.64467,92.82562,50.3,1707.0948234455752
34150.16,3.55,4.1,3.6,2.65,8.08274,124.18092,55.0,15182.060651374535
37331.98,3.45,4.1,3.6,2.65,7.72784,120.0791,54.3,16715.472987556994
39011.14,3.75,4.3125,3.75,2.625,7.61379,118.8251,54.1,18668.60000882552
41278.33,3.875,4.375,3.75,2.5625,7.49235,117.89976,55.0,21164.876685887142
40331.82,3.777777778,4.277777778,3.777777778,2.611111111,8.48798,118.03464,54.7,16673.746756664514
43000.86,3.777777778,4.277777778,3.833333333,2.666666667,8.61797,119.56939,54.0,17343.588353912797
44403.38,3.75,4.1875,3.875,2.875,8.54712,122.80119,53.8,20233.710089197302
7633.47,3.777777778,4.0,3.555555556,3.444444444,4.81376,61.8786,39.3,716.728278450302
9104.36,3.666666667,3.666666667,3.666666667,3.388888889,4.07574,83.51436,41.9,1166.8049339591455
9861.5,3.5,3.722222222,3.611111111,3.388888889,4.31455,83.46509,44.6,1466.2634686089684
10304.89,3.444444444,3.611111111,3.611111111,3.388888889,4.1657,85.45839,44.6,1540.4415504172953
5262.38,3.777777778,4.0,3.555555556,3.444444444,2.73246,68.53398,42.9,569.1586519316501
5663.82,3.722222222,4.0,3.611111111,3.444444444,3.01268,68.24402,43.900000000000006,618.1179067090942
5915.48,3.777777778,3.833333333,3.666666667,3.444444444,3.05447,68.35095,43.6,664.2044398226974
6133.07,3.666666667,3.833333333,3.666666667,3.444444444,3.74166,68.1611,42.900000000000006,764.8310440024133
6020.71,3.611111111,3.777777778,3.611111111,3.5,3.96954,69.74997,43.5,634.7005047833034
6198.25,3.666666667,3.666666667,3.666666667,3.388888889,3.48668,72.02085,45.5,735.8878364431731
6542.94,3.5,3.722222222,3.611111111,3.388888889,3.41749,74.83489,45.8,864.8977061708565
1010.02,3.5,3.0,4.5,2.5,4.49659,34.80822,50.2,14.915982176990465
7339.14,3.045454545,3.363636364,3.409090909,3.0,4.25357,87.86987,45.7,1028.079827729832
32051.79,3.55,4.1,3.6,2.65,6.03606,111.97108,53.3,12435.593316248884
34452.9,3.45,4.1,3.6,2.65,5.9381,111.61355,53.4,14674.358191037752
37843.12,3.75,4.3125,3.75,2.625,5.68609,110.32909,53.2,16979.32295073288
40083.7,3.875,4.375,3.75,2.5625,5.84677,108.74427,53.400000000000006,18236.174342826504
37972.65,3.777777778,4.277777778,3.777777778,2.611111111,6.48518,107.4238,53.8,11774.11526556832
38954.48,3.777777778,4.277777778,3.833333333,2.666666667,6.54071,107.27259,53.8,13073.261176033197
40916.84,3.75,4.1875,3.875,2.875,6.48201,107.47822,53.6,14623.281453497522
40873.1,3.75,4.25,3.875,3.0,7.19254,107.4859,53.9,13478.921321152256
41493.14,3.75,4.1875,3.8125,3.0,7.17948,143.21856,54.1,13687.400052252522
30494.21,3.55,4.1,3.6,2.65,5.49981,112.27382,52.9,6873.955971013348
32462.96,3.45,4.1,3.6,2.65,5.44211,112.07455,53.2,7528.303375146462
34122.71,3.75,4.3125,3.75,2.625,5.44519,111.83735,51.1,8430.42905155791
35092.69,3.875,4.375,3.75,2.5625,5.44403,111.62556,51.0,9234.35542483767
34676.36,3.777777778,4.277777778,3.777777778,2.611111111,5.73848,111.17852,51.5,7172.098697253054
35899.4,3.777777778,4.277777778,3.833333333,2.666666667,5.68342,111.3269,50.5,7867.85358642454
37439.23,3.75,4.1875,3.875,2.875,5.51586,111.22241,50.7,8963.52797176498
37677.73,3.75,4.25,3.875,3.0,5.53343,111.66532,50.900000000000006,8505.04864707631
5171.58,4.0,4.5,4.0,3.5,2.48431,81.6564,50.0,221.7709350157554
5866.59,4.5,4.5,4.5,3.5,3.00364,83.48521,50.2,240.9937103563161
6818.51,5.0,4.5,4.5,3.0,2.69687,89.8833,49.2,319.2514741624566
7139.01,5.5,4.5,4.5,3.0,2.91956,90.65106,48.900000000000006,389.1137957135459
6984.25,5.5,4.5,4.5,3.0,3.22238,88.10632,49.2,297.19581592897896
2897.37,4.0,4.0,4.0,3.5,7.42208,47.34028,46.2,136.00702828574416
4877.58,4.5,4.0,3.5,4.0,7.91914,58.13869,46.3,586.8172197959087
25577.52,3.55,4.1,3.6,2.65,3.96396,99.64309,51.4,1586.779683460398
27911.7,3.777777778,4.277777778,3.833333333,2.666666667,4.81376,104.97926,52.3,2480.428892882612
5900.85,3.722222222,4.0,3.611111111,3.444444444,2.98401,52.00338,38.0,242.03466181500045
6618.92,3.666666667,3.666666667,3.666666667,3.388888889,2.80307,63.14287,50.5,593.2916125718608
1438.64,3.0,4.0,3.0,2.5,1.84905,29.19433,50.5,87.05926315579872
6771.06,3.0,3.5,3.5,3.0,8.13973,96.86823,50.5,709.0237235573095
9351.79,3.0,3.5,3.5,2.5,3.66099,88.64228,50.5,1204.3263933084827
3719.2,3.5,4.0,4.0,3.0,4.81376,72.6366,39.7,367.2592066461774
37322.74,3.55,4.1,3.6,2.65,7.38386,109.11264,52.3,10415.138039456211
39697.76,3.45,4.1,3.6,2.65,7.37424,109.39719,51.6,11367.18491220678
41468.67,3.75,4.3125,3.75,2.625,7.06128,108.87189,52.0,15316.315047213113
43728.11,3.875,4.375,3.75,2.5625,7.25437,109.07084,50.5,16872.065627225013
41864.62,3.777777778,4.277777778,3.777777778,2.611111111,7.35713,107.943,52.900000000000006,12737.75330220817
39773.26,3.777777778,4.277777778,3.833333333,2.666666667,7.21403,109.28977,54.4,14473.258095654332
40936.87,3.75,4.1875,3.875,2.875,7.04752,108.55373,54.5,16766.63463045509
2936.56,3.5,3.5,4.0,3.5,3.1338,54.17274,50.5,86.91258605236112
3892.53,3.5,3.5,4.0,3.5,3.21076,59.79393,47.5,144.45834822796272
4215.58,3.5,3.5,4.0,3.5,3.31959,63.29094,50.5,177.66087074797713
4467.47,3.0,3.0,4.0,3.5,3.72321,66.42168,47.4,239.725008075186
6188.86,3.0,3.5,4.0,3.0,2.87282,60.13283,48.9,374.37946545467526
7161.81,3.045454545,3.363636364,3.409090909,2.954545455,3.04426,70.55849,47.7,485.8285959964564
7638.01,3.045454545,3.363636364,3.409090909,3.0,2.9019,69.7292,48.0,575.8696107558392
7941.17,3.045454545,3.363636364,3.590909091,2.954545455,3.52513,74.73399,47.8,483.4814662568484
8430.62,3.045454545,3.363636364,3.727272727,3.0,2.81228,76.54019,47.6,646.5928119854581
9022.72,2.961538462,3.307692308,3.538461538,3.076923077,3.18944,79.21021,45.1,823.5405451954075
9645.15,2.892857143,3.285714286,3.5,3.142857143,3.40748,80.40742,44.8,759.450853304893
10009.01,2.9,3.3,3.4,3.1,3.36658,82.48971,44.5,720.7623836664961
10233.99,2.9,3.3,3.4,3.133333333,3.29643,82.4687,45.0,687.0247766886065
40466.23,3.55,4.1,3.6,2.65,4.52772,109.53949,50.5,26062.823436138344
44229.52,3.45,4.1,3.6,2.65,4.54725,110.68822,51.3,25706.624575280603
46779.4,3.75,4.3125,3.75,2.625,4.71578,112.88951,51.6,28219.81242167162
44169.09,3.875,4.375,3.75,2.5625,5.4506,114.90616,52.6,28993.11628326173
41471.49,3.777777778,4.277777778,3.777777778,2.611111111,6.15929,118.91978,51.6,26935.37842125491
43208.24,3.777777778,4.277777778,3.833333333,2.666666667,6.09528,123.46261,52.1,26432.989119895265
45085.39,3.75,4.1875,3.875,2.875,5.75342,122.09314,51.9,28320.15500740445
46388.58,3.75,4.25,3.875,3.0,5.77466,126.09333,51.400000000000006,26135.03539629458
25625.04,3.0,2.75,3.25,2.75,5.74732,104.73612,48.0,6171.723351755386
26336.43,3.0,2.75,3.25,2.75,5.74272,104.88754,48.8,6633.669279952365
28175.21,3.5,2.25,3.25,2.75,5.48363,104.26852,49.0,7533.515549922703
27994.9,3.5,2.25,3.25,2.75,5.51871,102.88162,48.6,8392.278486208406
27903.12,3.5,2.5,3.25,2.75,5.47869,101.99169,48.5,6403.576733995939
29298.96,3.5,2.5,3.25,2.5,5.52761,102.05584,48.1,7662.131801248754
31161.72,3.25,2.5,3.25,2.5,5.56064,101.69799,49.0,8730.115120142162
34740.4,3.25,2.5,3.25,2.25,5.85994,101.53176,49.7,8286.02357466344
30130.64,3.55,4.1,3.6,2.65,4.24747,98.28961,52.5,6385.786401597072
32451.49,3.45,4.1,3.6,2.65,4.53567,99.0232,52.2,7169.250432190511
34145.55,3.75,4.3125,3.75,2.625,4.11661,99.62739,52.8,8553.826394807515
35523.27,3.875,4.375,3.75,2.5625,4.40077,100.36239,52.3,9225.86595740178
34603.26,3.777777778,4.277777778,3.777777778,2.611111111,4.53406,100.71809,52.6,6885.485183362908
35156.67,3.777777778,4.277777778,3.833333333,2.666666667,4.3492,102.2127,52.3,7538.112359298651
36598.01,3.75,4.1875,3.875,2.875,4.14053,102.66749,51.9,8812.077326989005
7735.11,3.777777778,4.0,3.555555556,3.444444444,4.61642,90.57089,50.5,565.7618723856992
8122.35,3.666666667,3.666666667,3.666666667,3.388888889,6.3713,92.82521,50.5,485.6080575120634
32169.87,3.181818182,3.318181818,3.5,2.863636364,3.48391,100.99853,50.5,4656.233052288042
35273.79,3.045454545,3.363636364,3.409090909,3.0,3.44024,100.64297,52.0,6101.779306606904
35335.37,3.045454545,3.363636364,3.727272727,3.0,3.78135,101.6095,51.4,6010.571035215116
39402.03,2.9,3.3,3.4,3.1,3.8185,101.91998,51.1,5611.026279971753
9912.17,3.5,2.5,3.25,2.5,4.81376,88.51937,49.4,1013.2558122926604
13941.5,3.55,4.1,3.6,2.65,2.26353,96.59815,48.0,1838.3859199054807
15742.06,3.45,4.1,3.6,2.65,2.62679,99.37904,51.6,2498.3153086751217
19227.18,3.777777778,4.277777778,3.833333333,2.666666667,4.81376,97.7345,52.900000000000006,3507.1996605536424
23224.12,3.4,4.1,3.5,2.6,4.81376,109.1081,53.1,2619.5596104180827
2185.6,4.0,3.0,3.0,3.0,7.33565,47.8988,42.9,95.41332502487931
10079.38,3.0,2.75,3.25,2.75,2.67227,80.48947,50.5,404.6942049224604
14835.37,3.5,2.5,3.25,2.5,1.63173,75.30478,50.5,851.5522869210137
15125.82,3.25,2.5,3.25,2.5,1.64626,76.13277,52.2,845.7499807732561
1660.13,3.0,4.0,3.0,3.5,14.79096,39.5876,50.5,203.83585561164423
68787.85,3.55,4.1,3.6,2.65,4.81376,95.36519,52.400000000000006,27334.630407302466
90357.1,3.777777778,4.277777778,3.833333333,2.666666667,4.81376,101.34617,53.1,27440.924904281062
1368.62,4.0,3.5,3.5,3.5,3.84818,21.14828,45.9,45.3662618630386
1489.63,3.0,3.5,3.0,2.5,2.73217,38.02759,44.8,52.34391871481792
1468.1,3.0,3.5,3.5,3.0,4.35638,33.05596,42.7,75.31576083577438
17364.5,3.0,3.333333333,3.375,2.875,4.48577,67.96889,44.6,6060.83697854796
19408.67,3.045454545,3.363636364,3.409090909,3.0,3.95853,66.02975,44.5,7182.632616857483
20146.96,3.045454545,3.363636364,3.727272727,3.0,4.96644,66.82577,50.5,6922.228315252343
21308.22,2.961538462,3.307692308,3.538461538,3.076923077,5.76294,67.1958,45.2,7777.94844839146
22959.2,2.9,3.3,3.4,3.1,6.09392,71.0678,46.5,7576.491446187128
1482.44,3.5,3.5,3.5,3.5,4.00927,25.55252,50.5,81.56764508555067
1732.13,3.5,3.5,4.0,3.5,3.85454,38.77258,50.5,128.54903874196586
25062.07,3.75,4.3125,3.75,2.625,6.31293,100.89894,54.2,7765.312846057769
26523.47,3.875,4.375,3.75,2.5625,5.8462,99.66492,54.0,7397.8305921896335
28722.45,3.777777778,4.277777778,3.833333333,2.666666667,6.91128,98.43982,54.0,8966.664076447258
28973.29,3.75,4.1875,3.875,2.875,7.96375,85.89744,53.7,12680.997797092255
30243.98,3.75,4.25,3.875,3.0,6.75966,85.82467,53.6,13442.604297808715
4227.35,3.5,4.0,3.5,2.5,3.55225,18.82466,51.0,503.23491124955774
4181.98,3.0,4.0,3.5,2.5,3.60428,20.32848,50.5,531.8763773003991
11697.9,3.055555556,3.25,3.277777778,2.805555556,4.20155,88.65556,50.5,1745.4583750592303
12586.73,3.055555556,3.25,3.333333333,2.75,3.81812,87.55458,48.7,1890.9050872126004
15911.63,2.916666667,3.333333333,3.333333333,2.555555556,3.65578,89.24696,50.5,1479.144532949456
17191.91,2.973684211,3.236842105,3.210526316,2.578947368,3.4848,91.84192,46.9,1797.730471493341
16332.84,3.4,4.1,3.5,2.6,4.81376,90.34223,50.5,567.5068784667585
707.53,3.0,3.5,3.5,3.0,4.43012,13.09606,50.5,86.35131081839428
2153.13,3.0,4.0,4.0,2.5,4.71699,58.79362,50.1,32.185225138152006
37625.56,3.55,4.1,3.6,2.65,5.15879,119.33037,53.3,21434.79485587751
41011.15,3.45,4.1,3.6,2.65,5.09047,119.4944,52.3,24512.627397567165
43944.71,3.75,4.3125,3.75,2.625,4.93376,120.56636,52.7,29156.966015362512
46420.2,3.875,4.375,3.75,2.5625,5.09227,121.62638,53.2,33191.46991294264
44557.39,3.777777778,4.277777778,3.777777778,2.611111111,5.49579,121.77332,54.1,26103.58888557244
45041.58,3.777777778,4.277777778,3.833333333,2.666666667,5.5558,123.13176,54.1,29649.96626778757
46599.02,3.75,4.1875,3.875,2.875,5.52617,129.0815,53.900000000000006,34107.43706880925
47272.1,3.75,4.25,3.875,3.0,5.47565,130.1759,53.9,32975.418920758995
49241.52,3.75,4.1875,3.8125,3.0,5.60813,132.12091,53.8,34223.82730386585
25677.42,3.181818182,3.318181818,3.5,2.863636364,6.26886,120.10327,50.5,5256.185190498077
31224.75,3.045454545,3.363636364,3.727272727,3.0,7.0531,118.95163,50.5,7208.819453201553
3384.23,3.5,4.0,4.0,3.5,4.81376,68.51656,40.6,158.76699046213176
3959.97,3.5,3.5,4.0,2.5,4.49311,74.18835,50.5,315.52474429337127
881.85,3.5,2.5,3.5,3.0,4.81376,9.90822,43.2,35.057073286669336
948.69,3.0,2.5,3.5,3.0,4.02096,10.89765,46.6,42.09156763519195
1051.09,3.0,2.5,3.5,3.0,3.73338,13.51845,50.5,28.750479755481035
1057.84,3.0,2.5,4.0,3.0,4.20718,14.35081,50.3,62.5263716974119
1134.74,3.0,2.5,4.0,3.0,6.77797,18.81946,49.8,54.18523004371151
4632.13,3.5,3.0,3.5,3.0,4.81376,43.83671,50.0,537.8463998336208
47966.86,3.55,4.1,3.6,2.65,6.86868,113.87617,51.3,22452.452555193908
54366.01,3.45,4.1,3.6,2.65,6.38567,114.04077,55.4,26193.74191249684
56175.66,3.75,4.3125,3.75,2.625,6.53527,113.62567,54.2,28813.9660635093
62072.75,3.875,4.375,3.75,2.5625,6.28934,112.7376,54.7,35442.8211767606
55620.84,3.777777778,4.277777778,3.777777778,2.611111111,7.09981,111.69433,55.1,24084.181341770065
58226.71,3.777777778,4.277777778,3.833333333,2.666666667,6.74995,113.23055,55.3,26723.268187240094
62460.09,3.75,4.1875,3.875,2.875,6.45617,112.98291,55.6,32385.821021552616
65774.35,3.75,4.25,3.875,3.0,7.37182,110.72072,55.4,32071.309392729767
43198.02,3.0,2.75,3.25,2.75,3.51722,88.53398,50.5,7431.458823819414
3475.59,4.0,2.0,3.5,2.5,2.25436,26.50006,49.6,92.04569373249154
3915.45,4.0,2.0,3.5,2.5,2.63527,34.70948,50.5,98.05388787034376
4040.59,3.5,2.0,3.5,2.5,2.28688,35.84846,51.2,110.11883448949584
4149.38,3.0,2.5,3.5,2.5,2.22175,36.7116,50.6,127.6103688711482
4302.06,3.0,2.5,3.5,2.5,2.49344,39.82736,51.1,122.3394441685248
10996.59,3.777777778,4.0,3.555555556,3.444444444,4.81376,68.21743,39.5,291.3654168889986
15000.64,3.666666667,3.833333333,3.666666667,3.444444444,3.54055,69.05728,39.9,2808.539404899642
15789.83,3.666666667,3.666666667,3.666666667,3.388888889,4.81376,71.34772,40.6,3031.9436593326504
17624.98,3.5,3.722222222,3.611111111,3.388888889,3.29343,70.85691,40.7,4309.303299505459
7963.72,3.777777778,4.0,3.555555556,3.444444444,4.81376,66.91931,39.8,575.6140025394029
9126.94,3.777777778,3.833333333,3.666666667,3.444444444,3.54604,66.24104,38.8,844.9786966169929
10833.9,3.666666667,3.666666667,3.666666667,3.388888889,3.76766,68.32355,40.6,1129.6536659678852
11384.37,3.5,3.722222222,3.611111111,3.388888889,4.96644,70.39032,39.8,1330.685024604124
10861.36,3.444444444,3.611111111,3.611111111,3.388888889,4.96305,76.57348,43.3,1229.5114243324945
6548.05,3.777777778,4.0,3.555555556,3.444444444,2.88118,85.44732,41.6,608.0266609543299
7198.51,3.722222222,4.0,3.611111111,3.444444444,2.67639,88.07086,42.2,837.3500386771778
7961.3,3.777777778,3.833333333,3.666666667,3.444444444,2.6294,90.51896,42.400000000000006,981.9652179881342
8791.26,3.666666667,3.833333333,3.666666667,3.444444444,2.84365,91.04757,44.400000000000006,1086.1629749305575
8881.93,3.611111111,3.777777778,3.611111111,3.5,3.13037,93.40124,44.3,921.7125395812368
9664.27,3.666666667,3.666666667,3.666666667,3.388888889,2.84742,94.70003,45.400000000000006,1313.8137200674714
10400.95,3.5,3.722222222,3.611111111,3.388888889,2.68161,95.20703,46.2,1573.595934346485
10679.8,3.444444444,3.611111111,3.611111111,3.388888889,2.92164,93.43105,46.3,1762.5814361136215
11196.38,3.444444444,3.555555556,3.611111111,3.5,3.28523,97.89767,46.6,1601.7405605858075
11410.33,3.444444444,3.5,3.611111111,3.5,3.66254,95.62184,47.0,1273.1737958033866
4375.8,3.181818182,3.318181818,3.5,2.863636364,2.42629,82.84607,50.5,478.2527898563956
4661.96,3.0,3.333333333,3.375,2.875,2.53381,81.23679,41.900000000000006,539.3529877959886
5236.98,3.045454545,3.363636364,3.590909091,2.954545455,2.65295,84.25254,42.2,413.5240751146318
22725.28,3.55,4.1,3.6,2.65,5.07074,98.02078,47.3,3681.8864637215056
24681.14,3.45,4.1,3.6,2.65,4.90801,98.58061,47.9,4255.484715491536
25736.35,3.75,4.3125,3.75,2.625,4.92191,102.07882,49.0,4978.069378212806
26665.84,3.875,4.375,3.75,2.5625,4.70212,103.83484,49.1,5421.985711453786
26459.16,3.777777778,4.277777778,3.777777778,2.611111111,5.56215,106.07156,50.3,4187.069043427921
27260.55,3.777777778,4.277777778,3.833333333,2.666666667,5.40289,106.94795,49.6,4673.563218734335
26769.51,3.75,4.1875,3.875,2.875,5.12127,106.81678,49.3,5644.135755326041
112073.1,3.0,2.75,3.25,2.75,3.97188,111.14769,50.5,30354.889044549964
143070.21,3.5,2.5,3.25,2.5,4.53966,101.05862,50.5,43749.19197912581
9602.1,3.55,4.1,3.6,2.65,3.45668,83.71563,50.5,1300.6560016247895
13701.64,3.75,4.3125,3.75,2.625,4.22328,89.2293,51.2,1937.9751358623016
16632.78,3.777777778,4.277777778,3.777777778,2.611111111,4.16182,97.94383,52.4,1992.3308962362416
17355.85,3.777777778,4.277777778,3.833333333,2.666666667,3.45849,100.23869,53.1,2440.544324256326
18802.95,3.75,4.1875,3.875,2.875,3.02775,100.41964,53.3,3111.6473150453
19809.19,3.75,4.25,3.875,3.0,2.93955,99.36214,52.900000000000006,2886.8396347897487
916.98,3.5,3.5,4.0,3.0,4.81376,15.98657,37.4,16.607951719746932
1315.03,4.0,4.0,4.5,3.5,4.95011,32.76186,40.3,23.290875738951605
1503.84,4.5,4.0,4.5,3.5,5.02795,40.15979,41.8,56.069662268823166
2230.28,3.0,3.0,3.5,3.5,5.25117,43.17042,50.5,21.13041192478971
2849.29,2.5,3.0,3.0,3.5,9.7641,52.9637,52.1,35.03539623801733
46012.76,3.0,2.75,3.25,2.75,5.43093,86.16687,50.5,7389.144907885367
2405.91,3.5,3.5,3.5,3.0,5.13697,22.01669,48.0,134.02583666186536
2684.49,4.0,3.5,3.5,3.0,5.59999,35.5977,50.5,166.45184755646014
12798.16,3.777777778,4.277777778,3.833333333,2.666666667,4.58655,91.42763,50.5,1343.2903750372354
13933.83,3.75,4.25,3.875,3.0,4.42657,94.16962,50.400000000000006,1559.7875526265382
23852.64,3.55,4.1,3.6,2.65,5.58241,97.12325,55.5,8945.891833135547
25718.76,3.45,4.1,3.6,2.65,5.57559,96.83547,55.6,10455.452421883252
27573.64,3.75,4.3125,3.75,2.625,5.10509,98.25645,55.5,13156.351312259616
29604.29,3.875,4.375,3.75,2.5625,5.10609,98.10135,55.8,14472.217258954068
27538.01,3.777777778,4.277777778,3.777777778,2.611111111,5.56859,97.79404,55.5,10984.829044810702
27825.48,3.777777778,4.277777778,3.833333333,2.666666667,5.56251,97.85898,55.6,11927.635942502697
28931.38,3.75,4.1875,3.875,2.875,5.56563,97.8459,55.5,14119.022454225676
29042.82,3.75,4.25,3.875,3.0,5.66161,97.85595,55.4,13163.796075558574
10540.14,3.055555556,3.25,3.277777778,2.805555556,5.06321,88.91318,26.4,958.6654754304652
12658.03,2.972222222,3.25,3.25,2.694444444,4.86601,89.49576,28.8,1462.7579986651851
12771.91,2.916666667,3.333333333,3.333333333,2.555555556,5.72173,90.25352,28.6,1589.8166543199902
13556.03,3.027777778,3.305555556,3.277777778,2.555555556,6.05628,93.80908,29.5,1691.7864432099946
27606.93,3.55,4.1,3.6,2.65,4.13003,117.51314,53.4,4416.351675734847
30718.22,3.45,4.1,3.6,2.65,4.1676,117.54267,52.9,4819.887250307547
32473.65,3.75,4.3125,3.75,2.625,4.23331,117.50554,52.2,5611.240088391567
33263.27,3.875,4.375,3.75,2.5625,4.501,117.6678,52.400000000000006,6075.5667147464255
32092.72,3.777777778,4.277777778,3.777777778,2.611111111,4.86781,118.39464,52.3,4811.983921974544
31681.1,3.777777778,4.277777778,3.833333333,2.666666667,4.81924,124.38406,52.0,5315.203927340823
31867.97,3.75,4.1875,3.875,2.875,4.86651,128.59216,52.2,6401.157992260031
31720.27,3.75,4.25,3.875,3.0,4.4189,131.03416,52.3,6214.695238690695
32444.46,3.75,4.1875,3.8125,3.0,4.30494,131.08604,52.4,6716.1329344604665
8316.31,4.0,4.0,3.5,3.0,1.71774,96.93236,50.5,401.7722089645639
10319.4,4.0,4.0,3.5,3.0,1.49617,99.64744,46.1,445.8161726708197
34244.47,3.55,4.1,3.6,2.65,6.55951,104.11052,55.7,14426.34495477748
37727.72,3.45,4.1,3.6,2.65,6.41068,103.63069,55.2,16229.318518078016
40910.32,3.75,4.3125,3.75,2.625,6.21507,102.63951,54.900000000000006,18480.51778928328
42158.3,3.875,4.375,3.75,2.5625,6.39072,101.59046,54.5,19944.4557168574
40279.88,3.777777778,4.277777778,3.777777778,2.611111111,6.85779,99.69329,55.1,14100.765055387876
42221.76,3.777777778,4.277777778,3.833333333,2.666666667,6.622,98.19066,54.8,16891.500710163204
44608.58,3.75,4.1875,3.875,2.875,6.49111,96.91104,55.1,19779.22501027334
45432.43,3.75,4.25,3.875,3.0,7.65619,98.03959,55.2,18114.390400628447
46312.39,3.75,4.1875,3.8125,3.0,7.71773,128.46305,54.9,17446.521802002193
10198.16,3.181818182,3.318181818,3.5,2.863636364,3.93859,71.55975,50.5,1672.8617304777658
10952.2,3.0,3.333333333,3.375,2.875,4.05037,71.7623,45.6,1968.9532776358087
11769.53,3.045454545,3.363636364,3.409090909,2.954545455,3.60314,77.44215,46.7,2298.0485655191333
12111.37,3.045454545,3.363636364,3.409090909,3.0,3.5085,78.2238,46.4,2612.691464409161
12018.17,3.045454545,3.363636364,3.590909091,2.954545455,3.8638,80.85283,46.900000000000006,2248.7684057107435
12988.93,3.045454545,3.363636364,3.727272727,3.0,3.51031,83.62145,46.900000000000006,2860.848415132928
13284.12,2.961538462,3.307692308,3.538461538,3.076923077,4.80828,87.44397,47.6,3330.1483785288124
14586.91,2.892857143,3.285714286,3.5,3.142857143,4.53768,87.12412,47.0,3319.178635740292
15090.1,2.9,3.3,3.4,3.1,4.12567,86.20559,48.0,3284.450015451589
1346.02,3.0,3.0,2.0,2.0,3.40689,45.02997,50.5,63.012874507777774
1607.27,2.5,3.0,3.0,2.5,4.43707,54.70859,43.6,146.83527118461234
8012.21,3.0,2.75,3.25,2.75,6.45157,84.80422,48.9,1010.1340322384395
10428.54,3.5,2.5,3.25,2.5,6.25478,90.42879,50.3,1507.7077055910554
1497.23,4.0,3.5,4.5,3.0,4.81376,19.55326,44.1,29.0843929856482
2017.07,4.0,3.5,4.0,2.5,3.2543,27.36668,42.900000000000006,49.9041281310764
2094.43,4.0,3.5,4.0,2.5,2.25446,27.14043,50.5,50.04690101901791
7214.11,3.55,4.1,3.6,2.65,6.05848,96.99604,53.1,726.6288017084154
8054.04,3.45,4.1,3.6,2.65,6.20873,97.67863,52.400000000000006,820.0347265630394
9004.88,3.75,4.3125,3.75,2.625,6.1512,97.06345,53.900000000000006,1059.881172250185
9434.44,3.875,4.375,3.75,2.5625,6.42993,96.05105,54.0,1447.36116805178
8093.56,3.777777778,4.277777778,3.777777778,2.611111111,7.31088,94.93582,54.5,861.949542564033
8559.93,3.777777778,4.277777778,3.833333333,2.666666667,4.81376,95.09127,54.6,1121.2002347204289
9246.77,3.75,4.1875,3.875,2.875,6.16238,93.24954,54.9,1496.3660246690124
9705.36,3.75,4.25,3.875,3.0,6.69233,97.10629,54.8,1506.6782217456223
11111.05,3.75,4.1875,3.8125,3.0,6.67165,98.34995,54.6,1391.9753521064836
32747.05,3.55,4.1,3.6,2.65,5.195,105.38728,50.1,6502.254585363743
34751.67,3.45,4.1,3.6,2.65,5.23207,98.29451,49.7,7536.935495067778
35546.26,3.75,4.3125,3.75,2.625,5.15348,96.93358,51.0,7403.5755855240195
36771.01,3.875,4.375,3.75,2.5625,5.10942,97.78373,50.2,7798.809211093339
35094.36,3.777777778,4.277777778,3.777777778,2.611111111,5.30917,99.36228,50.3,5774.519573153627
36578.93,3.777777778,4.277777778,3.833333333,2.666666667,5.9406,101.90886,51.0,6723.571111263174
37260.67,3.75,4.1875,3.875,2.875,5.76205,92.84833,51.400000000000006,8177.338356807534
39975.19,3.75,4.1875,3.8125,3.0,5.68625,124.42597,51.8,8546.025452829519
12176.09,3.777777778,4.0,3.555555556,3.444444444,2.71476,101.21551,50.5,1031.4157219007948
13048.08,3.722222222,4.0,3.611111111,3.444444444,2.88026,100.81205,43.5,1200.7774159448234
17688.38,3.666666667,3.666666667,3.666666667,3.388888889,4.81376,90.29585,44.8,2005.6253117309257
2652.84,3.5,3.5,3.5,3.0,4.81376,59.5327,48.7,188.11763962958284
5391.17,3.5,4.5,4.5,3.0,6.28534,96.59815,47.2,826.4023416180104
