gdp,cpia_regulation,cpia_gender,cpia_resources,cpia_transparency,cpia_inclusion,cpia_trade,education$,coll_enrollment,income_quintile2,income_quintile3,income_quintile4,income_quintile5,income_top10%,income_middle60%,comm_import_capita,comm_export_capita
7.479976991613202,2.4581128486612207,2.0,4.828682739953337,1.4142135623730951,2.6,1.7320508075688772,2.1239491519337275,53.24683,11.9,16.3,4.701063709417263,3.7600366484302645,3.332204510175204,50.5,5.214075508137999,2.6933468085745953
8.67697768575148,3.4275226679634283,4.0,5.916136841548457,1.7320508075688772,3.4,2.1213203435596424,1.799644409320908,76.88706,12.9,17.0,4.743416490252569,3.6938669956249752,3.2308043957334744,52.4,6.767486904977899,5.391689927794269
8.792924638759551,1.9711610109413422,3.5,3.8119704352528774,1.5811388300841898,2.8,2.0,1.8544460089201842,28.78131,11.9,16.3,4.701063709417263,3.7600366484302645,3.332204510175204,50.5,6.656137549578363,7.719941381715154
9.511531041098346,3.6958934973591586,4.0,6.041162187740523,1.855921454156937,3.575,2.0548046676563256,1.8638803609674093,94.00599,8.4,13.7,4.701063709417263,3.970291913552122,3.580737295494233,44.2,6.600249644792581,6.9348968200271
9.608964131333975,3.6422480273595568,4.0,6.167009139576892,1.855921454156937,3.5875,2.0275875100994063,1.9118028140998224,93.34507,8.7,14.2,4.743416490252569,3.9435216724875173,3.5467396869528134,45.4,6.76406231843484,7.07333447659442
9.711809358618002,3.6958934973591586,3.833333333,6.293673104239162,1.855921454156937,3.5625,2.068278940998476,1.973914891782318,93.70675,8.7,14.2,4.732863826479693,3.9435216724875173,3.5467396869528134,45.3,7.023000425226856,7.244100337696609
9.760651866045883,3.588588384862621,3.833333333,6.293673104239162,1.855921454156937,3.611111111,2.068278940998476,2.082740982455572,95.24628,9.1,14.5,4.764451699828638,3.919991175077323,3.5085558999826545,46.3,7.263875482265168,7.461394437654279
9.695893109825795,3.534914395385027,3.777777778,6.167009139576892,1.8708286933869707,3.566666667,2.068278940998476,2.211329916588658,98.83082,9.4,15.0,4.795831523312719,3.8979240810486444,3.4719664525503626,47.4,6.8610239942039435,7.222122052099864
9.80172666155992,3.588588384862621,3.666666667,6.293673104239162,1.840893502894722,3.555555556,2.068278940998476,2.146245559110141,101.80112,9.4,14.9,4.753945729601885,3.903990833730882,3.4873750779032076,46.900000000000006,7.2394763277166625,7.422024179802235
9.869063278057787,3.4275226679634283,3.722222222,6.167009139576892,1.840893502894722,3.533333333,2.0548046676563256,2.2330047021894064,103.59968,9.6,15.0,4.764451699828638,3.8877303128591016,3.4657359027997265,47.3,7.491916665780287,7.606935541578541
9.885443228518337,3.3738045622947634,3.611111111,6.167009139576892,1.840893502894722,3.533333333,2.0548046676563256,2.258105400551533,105.19255,9.9,15.4,4.8166378315169185,3.8607297110405954,3.4242626545931514,48.5,7.396195239399051,7.558784602516901
9.910099644397148,3.3738045622947634,3.555555556,6.167009139576892,1.8708286933869707,3.533333333,2.0548046676563256,2.311730953203681,106.32314,10.0,15.6,4.8270073544588685,3.8522730010223722,3.414442608412176,48.900000000000006,7.475849152511195,7.496067062976496
8.583149457078926,3.910336952725286,4.5,8.288775033226226,1.5811388300841898,4.2,2.1213203435596424,1.6468242164845646,91.05856,11.8,15.2,4.494441010848846,3.822098297900159,3.459466289786131,47.2,6.320957477149745,5.731667793028151
8.74433354486505,3.910336952725286,4.5,8.288775033226226,1.8708286933869707,4.2,2.1213203435596424,1.6479593441587084,93.88583,13.1,17.0,4.701063709417263,3.6838669122903918,3.2386784521643803,52.2,6.587620928455943,5.807316359368302
8.90669557037384,3.910336952725286,4.5,8.288775033226226,1.8708286933869707,4.2,2.1213203435596424,1.7375097122030714,94.87297,12.8,16.7,4.701063709417263,3.713572066704308,3.261935314328648,51.6,6.924645863032843,5.92477528924898
8.999410676916456,3.910336952725286,4.5,8.288775033226226,1.7320508075688772,4.1,2.1213203435596424,1.7812158768661366,92.70561,13.1,17.0,4.732863826479693,3.673765816303888,3.2068032436339315,52.5,7.226695593984653,5.8710613589862
8.86026219288819,3.910336952725286,4.5,8.288775033226226,1.7320508075688772,4.1,2.1213203435596424,1.959793356453685,96.63288,13.5,17.2,4.732863826479693,3.6506582412937387,3.173878458937465,53.1,6.977240498059401,5.445627284316577
8.90005679903434,3.910336952725286,4.5,8.288775033226226,1.7320508075688772,4.1,2.1213203435596424,1.8024982662959763,96.59815,13.0,16.8,4.658325879540846,3.6988297849671046,3.258096538021482,51.5,7.158177752073876,5.841476264393906
10.404843278022737,3.1196569480017153,3.318181818,5.916136841548457,1.6922282245607416,3.14,1.9306145983268455,2.2164521199430407,148.36611,11.9,16.3,4.701063709417263,3.7600366484302645,3.332204510175204,50.5,8.73346292035478,8.566953318811436
10.532598752330601,2.9875556198905726,3.363636364,5.71333441338356,1.7320508075688772,3.181818182,1.9540168418367887,2.1529723639656875,128.03405,11.6,15.9,4.743416490252569,3.7773481021015445,3.3463891451671604,50.0,9.152940977947596,9.08187207762446
10.580622722326707,2.9875556198905726,3.363636364,6.4327784637840075,1.7320508075688772,3.263636364,1.9886038958388508,2.359860165348786,132.4567,11.8,16.1,4.764451699828638,3.7612001156935624,3.3141860046725258,50.6,9.122177879683173,9.17247355196692
8.816025864208495,3.4275226679634283,4.0,5.916136841548457,1.5811388300841898,3.4,2.0,1.724708671051433,96.59815,13.9,16.6,4.571651780264984,3.6584202466292277,3.2268439945173775,51.4,6.220234420205243,6.251943582103512
9.594225634470837,3.910336952725286,4.0,7.0705664903559216,1.5811388300841898,3.8,1.8708286933869707,1.667519115332715,98.80386,11.9,16.3,4.701063709417263,3.7600366484302645,3.332204510175204,50.5,6.592467748061779,7.762630801035543
7.637721251930294,3.4275226679634283,4.0,5.916136841548457,1.5811388300841898,3.6,1.7320508075688772,2.19402825870589,45.51679,12.2,15.6,4.571651780264984,3.7727609380946383,3.367295829986474,48.7,4.50682685066993,4.208007946591256
7.974894100273361,3.4275226679634283,4.0,5.916136841548457,1.7320508075688772,3.6,1.7320508075688772,2.19402825870589,50.11942,12.5,16.0,4.604345773288535,3.7495040759303713,3.32862668882732,49.7,5.330608967195528,4.872112949289924
9.629303964235689,3.6958934973591586,4.0,6.041162187740523,1.855921454156937,3.575,2.0548046676563256,2.3572717280788824,108.55,11.9,16.3,4.701063709417263,3.7600366484302645,3.332204510175204,50.5,8.733127967340291,7.201565261407643
9.7153110891788,3.588588384862621,3.666666667,6.293673104239162,1.840893502894722,3.555555556,2.068278940998476,2.423802797258886,101.90247,11.9,16.3,4.701063709417263,3.7600366484302645,3.332204510175204,50.5,8.379197115730639,7.041298636381775
9.174518356700563,3.475856226803656,4.1,6.14177424242322,1.6278820596099706,3.62,1.9874606914351791,2.423020841841853,96.59815,13.8,17.8,4.795831523312719,3.624340932976365,3.126760535960395,54.6,7.455268075096633,7.4111251078882106
9.550489412291263,3.6958934973591586,4.277777778,6.549434072861499,1.6158932857710624,3.733333333,2.0949675149960894,2.1252599840960635,109.52856,13.8,17.7,4.732863826479693,3.6375861597263857,3.1612467120315646,53.9,8.008635728958334,7.715330177637439
9.639706234522343,3.6958934973591586,4.277777778,6.678522274489564,1.6329931619575142,3.755555556,2.0816659994661326,2.3259707650785297,107.05787,13.4,17.5,4.774934554525329,3.6506582412937387,3.173878458937465,53.7,8.210479427515986,7.8886919512155345
9.714999018970733,3.669072523417986,4.1875,6.775863266611121,1.695582495781317,3.7375,2.0463381929681126,2.2008680105812797,106.30808,13.9,17.8,4.774934554525329,3.6189933266497696,3.131136910560194,54.5,8.48410614731131,8.384469438983247
9.804014670697132,3.669072523417986,4.25,6.775863266611121,1.7320508075688772,3.75,2.0766559657295187,2.2629759167962877,107.00487,14.0,17.9,4.743416490252569,3.6136169696133895,3.126760535960395,54.4,8.499673013567609,8.492223969282861
9.851941068203972,3.669072523417986,4.1875,6.630020290481129,1.7320508075688772,3.725,2.0766559657295187,2.275069229715878,106.22801,14.0,17.8,4.743416490252569,3.616308761279101,3.139832617527748,54.3,8.424405980372839,8.279103357231442
9.852667830206153,3.2340664262068994,4.0,5.916136841548457,1.6431676725154984,3.58,2.0,2.2332733822799216,107.0318,14.0,17.7,4.732863826479693,3.629660094453965,3.1612467120315646,54.1,8.36349118763136,8.247913104437057
10.409669109296958,3.475856226803656,4.1,6.14177424242322,1.6278820596099706,3.62,1.9874606914351791,2.4018742681497716,108.35425,13.6,17.3,4.711687595755898,3.6686767467964168,3.214867803470662,53.1,10.323910384036292,10.374643200706416
10.470445747478694,3.3791770486642445,4.1,6.14177424242322,1.6278820596099706,3.6,2.0,2.416683678101046,108.50358,13.9,17.7,4.764451699828638,3.6349511120883804,3.152736022363656,54.3,10.418586211254457,10.456765243635154
10.513167522667231,3.669072523417986,4.3125,6.485191084143741,1.620185174601965,3.7375,2.0463381929681126,2.4184767933556857,107.87072,13.6,17.4,4.722287581247038,3.6635616461296463,3.1986731175506815,53.3,10.568039682302878,10.612336750557924
10.542292849109447,3.789739468582781,4.375,6.485191084143741,1.6007810593582121,3.7875,2.0766559657295187,2.5082643401364217,106.41283,13.9,17.6,4.764451699828638,3.6428355156125294,3.1654750481410856,54.2,10.681513604260603,10.693153162180993
10.538764860346891,3.6958934973591586,4.277777778,6.549434072861499,1.6158932857710624,3.733333333,2.0949675149960894,2.532856095399026,105.69595,13.9,17.7,4.764451699828638,3.6428355156125294,3.1654750481410856,54.3,10.39951631839627,10.444439415858877
10.59260261502267,3.6958934973591586,4.277777778,6.678522274489564,1.6329931619575142,3.755555556,2.0816659994661326,2.531400797977278,105.78588,13.9,17.8,4.743416490252569,3.6428355156125294,3.1654750481410856,54.2,10.164263868127891,10.135205034839544
10.61994517141132,3.669072523417986,4.1875,6.775863266611121,1.695582495781317,3.7375,2.0463381929681126,2.5256167563587315,106.48113,14.0,18.0,4.764451699828638,3.632309102625542,3.152736022363656,54.7,10.340064312465215,10.298181037866724
9.172105652571265,3.588588384862621,3.666666667,6.293673104239162,1.840893502894722,3.555555556,2.068278940998476,2.573130389234094,75.35979,11.9,16.3,4.701063709417263,3.7600366484302645,3.332204510175204,50.5,7.6936378651065285,6.854547315258355
7.607083318617163,3.910336952725286,3.0,4.828682739953337,1.8708286933869707,3.2,2.1213203435596424,1.9054631982801453,34.58277,11.9,16.3,4.701063709417263,3.7600366484302645,3.332204510175204,50.5,4.712025104579503,3.5935774368213824
8.286503741283973,3.4275226679634283,4.5,7.0705664903559216,2.0,4.2,1.7320508075688772,2.6604698833100895,45.72123,11.9,16.3,4.701063709417263,3.7600366484302645,3.332204510175204,50.5,6.370658227465505,5.967443340108627
8.780380194264746,3.4275226679634283,4.0,7.0705664903559216,2.1213203435596424,4.1,1.7320508075688772,2.0061081725570036,66.11239,11.9,16.3,4.701063709417263,3.7600366484302645,3.332204510175204,50.5,7.099353083980006,6.375145694965104
9.297264578499911,2.997344292773568,3.25,5.4243464381130195,1.6749792703194866,3.144444444,1.848422751068236,3.267811194056352,78.52549,11.9,16.3,4.701063709417263,3.7600366484302645,3.332204510175204,50.5,7.421604092358015,7.758662721980902
9.301629751915053,3.6958934973591586,4.0,6.041162187740523,1.855921454156937,3.575,2.0548046676563256,2.1158213535173522,101.29199,6.5,11.1,4.324349662087931,4.122283930911342,3.8199077165203406,36.3,6.045774236899214,6.454994653932119
9.435363755298534,3.6958934973591586,3.833333333,6.293673104239162,1.855921454156937,3.5625,2.068278940998476,2.2312216384752097,95.17,6.9,11.6,4.381780460041329,4.09933210373314,3.7887247890836524,37.7,6.511019361246218,6.731854529883718
9.49417028437739,3.588588384862621,3.833333333,6.293673104239162,1.855921454156937,3.611111111,2.068278940998476,2.2962360505836505,96.72012,7.1,11.8,4.39317652729776,4.087655574071304,3.7727609380946383,38.2,6.8623159972225585,6.9246611328799705
9.489769734300983,3.534914395385027,3.777777778,6.167009139576892,1.8708286933869707,3.566666667,2.068278940998476,2.3391323177622936,96.66548,7.2,11.9,4.404543109109048,4.0809215418899605,3.765840495250065,38.5,6.54673662886654,6.661022566643737
9.6151492648222,3.4275226679634283,3.722222222,6.167009139576892,1.840893502894722,3.533333333,2.0548046676563256,2.3957295339833333,95.26338,7.5,12.2,4.415880433163924,4.069026754237811,3.754198920234579,39.2,7.0946159445773755,7.1553500191997506
9.615494765150794,3.3738045622947634,3.611111111,6.167009139576892,1.840893502894722,3.533333333,2.0548046676563256,2.4319354432221263,95.58373,7.4,12.0,4.381780460041329,4.079230924412053,3.770459441106359,38.6,7.071703738110585,7.090823587925938
9.239162980963865,3.475856226803656,4.1,6.14177424242322,1.6278820596099706,3.62,1.9874606914351791,2.0286350090639766,90.45072,11.9,16.3,4.701063709417263,3.7600366484302645,3.332204510175204,50.5,7.77165553744595,7.335474400818509
9.342025436184912,3.3791770486642445,4.1,6.14177424242322,1.6278820596099706,3.6,2.0,1.9778877622352589,91.37149,12.6,17.1,4.78539444560216,3.756538102587751,3.3178157727231046,52.6,8.026909547458962,7.594767004657408
9.45890290615633,3.669072523417986,4.3125,6.485191084143741,1.620185174601965,3.7375,2.0463381929681126,1.911274443924786,91.69475,11.9,16.3,4.722287581247038,3.784189633918261,3.3638415951183864,50.5,8.291115745934574,7.809055072168149
9.571358869015397,3.789739468582781,4.375,6.485191084143741,1.6007810593582121,3.7875,2.0766559657295187,2.0505584605175247,90.61116,12.6,16.9,4.753945729601885,3.7376696182833684,3.2846635654062037,52.1,8.505380148588745,8.007048838959438
9.559795817941147,3.6958934973591586,4.277777778,6.549434072861499,1.6158932857710624,3.733333333,2.0949675149960894,2.0722234435504294,89.52446,12.5,17.0,4.774934554525329,3.735285826928092,3.2846635654062037,52.3,8.050809722346974,7.704251528741597
9.612958765367466,3.6958934973591586,4.277777778,6.678522274489564,1.6329931619575142,3.755555556,2.0816659994661326,1.9787268634149586,90.42465,12.1,16.7,4.764451699828638,3.765840495250065,3.32862668882732,51.5,8.140330411749613,7.9329085913644235
9.664473732060886,3.669072523417986,4.1875,6.775863266611121,1.695582495781317,3.7375,2.0463381929681126,1.8953469339411189,93.18286,12.7,17.1,4.764451699828638,3.7400477406883357,3.295836866004329,52.5,8.394552094328436,8.251631215833694
9.700689373362328,3.669072523417986,4.25,6.775863266611121,1.7320508075688772,3.75,2.0766559657295187,1.8770615333547271,93.17964,12.2,16.6,4.732863826479693,3.7773481021015445,3.3463891451671604,51.2,8.407991064965275,8.20396615920046
7.071029922855858,2.9434997843127073,3.5,7.0705664903559216,1.8708286933869707,3.6,2.0,2.1053717011492292,14.3003,11.9,16.3,4.701063709417263,3.7600366484302645,3.332204510175204,50.5,4.443320410658617,3.2646324462336387
7.283159725605137,3.4275226679634283,3.5,7.0705664903559216,1.8708286933869707,3.6,2.0,1.984681334622765,21.9022,11.9,16.3,4.701063709417263,3.7600366484302645,3.332204510175204,50.5,4.957658910688133,4.445640905505997
7.401798868862892,3.4275226679634283,3.5,7.0705664903559216,1.8708286933869707,3.6,2.0,2.121355698604079,30.33527,11.7,15.0,4.538722287164087,3.8133070324889884,3.4210000089583352,47.3,5.290061894108277,4.971833080610154
6.343353054312754,2.4581128486612207,3.5,4.828682739953337,1.7320508075688772,3.0,1.7320508075688772,1.9056993466966399,12.69901,11.9,16.3,4.701063709417263,3.7600366484302645,3.332204510175204,50.5,3.581797013477471,2.7970114662228722
6.4478762228342505,2.4581128486612207,4.0,5.916136841548457,1.4142135623730951,3.4,2.0,2.6063134884353416,22.82431,11.9,16.3,4.701063709417263,3.7600366484302645,3.332204510175204,50.5,3.8126741613711763,2.635219702027829
6.5475025136955205,2.9434997843127073,4.0,7.0705664903559216,1.4142135623730951,3.6,2.0,2.3269615381436797,32.27849,11.0,15.0,4.560701700396552,3.856510295497887,3.4657359027997265,46.8,4.278088924579811,3.057375850594339
7.850968330922337,3.4275226679634283,3.5,4.828682739953337,1.5811388300841898,3.4,1.8708286933869707,1.767266250455771,26.64419,11.9,16.3,4.701063709417263,3.7600366484302645,3.332204510175204,50.5,5.0942797725386315,5.1113779301577695
7.932753319748492,2.9434997843127073,3.0,4.828682739953337,1.5811388300841898,3.1,1.8708286933869707,1.8347343131908773,31.76378,9.5,14.0,4.636809247747852,3.914021008090819,3.5263605246161616,45.0,5.192511887805608,5.450022532783896
9.44825666700265,3.6958934973591586,4.0,6.041162187740523,1.855921454156937,3.575,2.0548046676563256,1.795850773310522,97.65838,11.9,16.3,4.701063709417263,3.7600366484302645,3.332204510175204,50.5,7.616599259030621,7.8642513633116184
9.659986945258565,3.6422480273595568,4.0,6.167009139576892,1.855921454156937,3.5875,2.0275875100994063,1.738910578494478,98.33355,8.9,13.0,4.427188724235731,3.996364153861897,3.6609942506244004,41.5,7.775551202442313,8.200983811443027
9.687777553782494,3.534914395385027,3.777777778,6.167009139576892,1.8708286933869707,3.566666667,2.068278940998476,2.0594392440662093,94.21283,9.1,13.0,4.39317652729776,3.996364153861897,3.6686767467964168,41.400000000000006,7.839148497109927,8.103236616404535
9.803983189428898,3.588588384862621,3.666666667,6.293673104239162,1.840893502894722,3.555555556,2.068278940998476,2.044798278559526,94.57371,11.9,16.3,4.701063709417263,3.7600366484302645,3.332204510175204,50.5,8.149837964335378,8.343111945134197
9.919927670182668,3.4275226679634283,3.722222222,6.167009139576892,1.840893502894722,3.533333333,2.0548046676563256,2.0169531476958014,93.78813,9.3,13.2,4.427188724235731,3.9815490680767565,3.6454498961866,42.1,8.378866724677287,8.469569247148621
10.018002587423531,3.3738045622947634,3.555555556,6.167009139576892,1.8708286933869707,3.533333333,2.0548046676563256,2.134816151334817,100.45767,9.3,13.2,4.404543109109048,3.9815490680767565,3.648057459593681,41.9,8.417935209218323,8.38992107308903
9.133003500224575,2.9875556198905726,3.363636364,6.4327784637840075,1.7320508075688772,3.263636364,1.9886038958388508,2.19402825870589,84.92116,9.2,14.3,4.722287581247038,3.912023005428146,3.5145260669691587,45.8,6.951369727005824,7.07365580637419
9.037652264150466,3.6958934973591586,4.0,6.041162187740523,1.855921454156937,3.575,2.0548046676563256,1.9987521106930695,83.40794,7.3,11.5,4.312771730569565,4.0943445622221,3.7887247890836524,37.400000000000006,6.221025641927629,6.220379519434702
9.23914160578181,3.588588384862621,3.833333333,6.293673104239162,1.855921454156937,3.611111111,2.068278940998476,1.977321420508057,93.97066,6.9,11.4,4.358898943540674,4.1059436980654525,3.7999735016195233,37.3,6.80944182751973,6.7566278989978015
9.24554630590866,3.534914395385027,3.777777778,6.167009139576892,1.8708286933869707,3.566666667,2.068278940998476,2.178859793561761,99.23594,7.1,11.6,4.381780460041329,4.091005660956586,3.7819143200811256,37.9,6.611204493469888,6.6098470778245915
9.290186137180902,3.588588384862621,3.666666667,6.293673104239162,1.840893502894722,3.555555556,2.068278940998476,2.1968522936237656,102.02062,7.1,11.4,4.358898943540674,4.097672352314776,3.793239469438179,37.5,6.812086863117887,6.790669959709096
9.36697909690778,3.4275226679634283,3.722222222,6.167009139576892,1.840893502894722,3.533333333,2.0548046676563256,2.111826223911428,103.87265,7.3,11.7,4.39317652729776,4.0809215418899605,3.770459441106359,38.3,7.096483487406581,7.137282473193833
9.400683833748033,3.3738045622947634,3.611111111,6.167009139576892,1.840893502894722,3.533333333,2.0548046676563256,2.094113177457226,99.85003,7.5,12.0,4.43846820423443,4.065602093356446,3.744787086052232,39.2,7.146599614188965,7.1835089562695975
9.45717388705492,3.3738045622947634,3.555555556,6.167009139576892,1.8708286933869707,3.533333333,2.0548046676563256,2.2147008827378922,100.33773,7.5,12.1,4.427188724235731,4.065602093356446,3.747148362237912,39.2,7.158710801514084,7.149254304559332
9.502340358803712,3.3738045622947634,3.5,6.167009139576892,1.8708286933869707,3.522222222,2.0548046676563256,2.161203368496357,98.76191,7.6,12.1,4.427188724235731,4.063885354737392,3.747148362237912,39.3,7.224526609208848,7.0689304764033425
9.187425827685054,3.6958934973591586,4.0,6.041162187740523,1.855921454156937,3.575,2.0548046676563256,2.19402825870589,84.36382,8.7,13.3,4.58257569495584,3.9852734671677386,3.6082115510464816,43.0,7.662216637556256,7.41326441247091
9.274186153224873,3.6422480273595568,4.0,6.167009139576892,1.855921454156937,3.5875,2.0275875100994063,2.1574104848173885,91.00605,8.3,12.8,4.483302354291979,4.019980146933238,3.6712245188752153,41.2,7.835799830668748,7.413399655148637
9.365767665157174,3.6958934973591586,3.833333333,6.293673104239162,1.855921454156937,3.5625,2.068278940998476,2.1756769061604713,92.07306,8.4,12.6,4.43846820423443,4.02535169073515,3.686376323895818,40.7,7.9635912753781435,7.606743528204946
9.417209002314932,3.588588384862621,3.833333333,6.293673104239162,1.855921454156937,3.611111111,2.068278940998476,2.2460699009603418,93.14224,8.5,12.8,4.505552130427524,4.009149716158869,3.655839600035736,41.6,8.13070528107585,7.680419945497471
9.401322649555697,3.534914395385027,3.777777778,6.167009139576892,1.8708286933869707,3.566666667,2.068278940998476,2.5078117951712406,99.64572,8.0,12.3,4.460941604639093,4.041295341132285,3.6988297849671046,40.2,7.836867472614955,7.569136708995089
9.452607104128822,3.588588384862621,3.666666667,6.293673104239162,1.840893502894722,3.555555556,2.068278940998476,2.6099444438531636,102.18531,8.5,12.9,4.527692569068709,4.000033882750859,3.632309102625542,41.9,8.010549415583368,7.579578657742674
9.503856642349664,3.4275226679634283,3.722222222,6.167009139576892,1.840893502894722,3.533333333,2.0548046676563256,2.5721352997072295,104.56289,8.2,12.9,4.560701700396552,4.005513348515485,3.6349511120883804,41.900000000000006,8.269650419632605,7.689496533495733
9.559277455742475,3.3738045622947634,3.611111111,6.167009139576892,1.840893502894722,3.533333333,2.0548046676563256,2.6197289936174695,107.95096,8.4,13.0,4.560701700396552,4.000033882750859,3.6270040503958487,42.2,8.262651289018367,7.773297673152681
9.60589924159243,3.3738045622947634,3.555555556,6.167009139576892,1.8708286933869707,3.533333333,2.0548046676563256,2.63059879115003,114.63662,8.2,12.6,4.58257569495584,4.01096295328305,3.6375861597263857,41.8,8.238431710512623,7.78123686340116
9.674461105876237,3.3738045622947634,3.5,6.167009139576892,1.8708286933869707,3.522222222,2.0548046676563256,2.6479501505881866,120.32665,8.3,12.8,4.560701700396552,4.005513348515485,3.6349511120883804,41.900000000000006,8.174268681312238,7.750101355945687
9.914842836574262,3.6958934973591586,4.277777778,6.549434072861499,1.6158932857710624,3.733333333,2.0949675149960894,2.095053698595814,100.62829,12.7,17.3,4.8270073544588685,3.7062280924485496,3.2308043957334744,53.3,8.502369091379695,7.798943732878857
9.905952013256591,3.6958934973591586,4.277777778,6.678522274489564,1.6329931619575142,3.755555556,2.0816659994661326,2.062079047951363,100.71391,12.9,17.4,4.847679857416329,3.6988297849671046,3.214867803470662,53.8,8.44949524371677,7.9195718232270425
9.956793220740572,3.669072523417986,4.1875,6.775863266611121,1.695582495781317,3.7375,2.0463381929681126,2.0391051959131485,99.88217,12.7,17.5,4.857983120596447,3.6938669956249752,3.2068032436339315,53.8,8.57685741469319,8.046543414586868
10.23150089912461,3.475856226803656,4.1,6.14177424242322,1.6278820596099706,3.62,1.9874606914351791,2.5184797001365724,96.54328,12.9,16.9,4.69041575982343,3.696351468952637,3.254242968705492,51.8,8.725024196453425,7.307946437494861
10.309356579058266,3.3791770486642445,4.1,6.14177424242322,1.6278820596099706,3.6,2.0,2.5289424667239864,96.59815,12.8,16.7,4.6475800154489,3.716008121502189,3.295836866004329,51.1,8.80636655988769,7.201579804590507
10.400811132577441,3.669072523417986,4.3125,6.485191084143741,1.620185174601965,3.7375,2.0463381929681126,2.5194126299596102,97.77915,12.6,16.7,4.679743582719036,3.713572066704308,3.2771447329921766,51.2,9.005535012017555,7.233571089580974
10.458270825514703,3.789739468582781,4.375,6.485191084143741,1.6007810593582121,3.7875,2.0766559657295187,2.6094041465438043,98.32904,12.5,16.6,4.6475800154489,3.728100167267218,3.3032169733019514,50.7,9.203562670975622,7.3584550076782955
10.430808576039311,3.6958934973591586,4.277777778,6.549434072861499,1.6158932857710624,3.733333333,2.0949675149960894,2.7026191000583117,98.38756,12.5,16.4,4.679743582719036,3.7328963395307104,3.3032169733019514,50.8,8.873739531187073,7.104147366516773
10.41966781460399,3.6958934973591586,4.277777778,6.678522274489564,1.6329931619575142,3.755555556,2.0816659994661326,2.5810676085682065,91.4408,12.8,16.4,4.669047011971501,3.7232808808312687,3.2846635654062037,51.0,8.942895191513816,7.196326344231595
10.41652612592192,3.669072523417986,4.1875,6.775863266611121,1.695582495781317,3.7375,2.0463381929681126,2.5777257418119564,92.82562,12.5,16.2,4.6475800154489,3.744787086052232,3.3214324131932926,50.3,8.945856450961506,7.443133890047289
10.438551832211209,3.475856226803656,4.1,6.14177424242322,1.6278820596099706,3.62,1.9874606914351791,2.8430160041758468,124.18092,14.6,17.9,4.743416490252569,3.5890591188317256,3.091042453358316,55.0,9.504396480941615,9.627935654563963
10.527632397278621,3.3791770486642445,4.1,6.14177424242322,1.6278820596099706,3.6,2.0,2.7798992787509405,120.0791,14.3,17.7,4.722287581247038,3.6054978451748854,3.126760535960395,54.3,9.646919528220419,9.724149918666239
10.57162815872486,3.669072523417986,4.3125,6.485191084143741,1.620185174601965,3.7375,2.0463381929681126,2.7593096962827497,118.8251,14.4,17.6,4.701063709417263,3.6136169696133895,3.139832617527748,54.1,9.789159948604897,9.834651812033396
10.628117169403572,3.789739468582781,4.375,6.485191084143741,1.6007810593582121,3.7875,2.0766559657295187,2.7372157386658436,117.89976,14.5,18.0,4.743416490252569,3.5890591188317256,3.091042453358316,55.0,9.895640757270852,9.960145573589601
10.604920808557049,3.6958934973591586,4.277777778,6.549434072861499,1.6158932857710624,3.733333333,2.0949675149960894,2.9134138051433753,118.03464,14.3,17.9,4.743416490252569,3.6136169696133895,3.126760535960395,54.7,9.582120875649698,9.721650683661874
10.668998649554148,3.6958934973591586,4.277777778,6.678522274489564,1.6329931619575142,3.755555556,2.0816659994661326,2.935637920452725,119.56939,14.1,17.6,4.722287581247038,3.629660094453965,3.157000421150113,54.0,9.60995513068166,9.761035826283525
10.701093392203507,3.669072523417986,4.1875,6.775863266611121,1.695582495781317,3.7375,2.0463381929681126,2.923545792355577,122.80119,14.0,17.5,4.722287581247038,3.632309102625542,3.1654750481410856,53.8,9.754752215888715,9.915154730011745
8.940428798085424,3.6958934973591586,4.0,6.041162187740523,1.855921454156937,3.575,2.0548046676563256,2.19402825870589,61.8786,7.4,12.0,4.460941604639093,4.069026754237811,3.7400477406883357,39.3,6.549363209838974,6.576091055151102
9.116618530095066,3.588588384862621,3.666666667,6.293673104239162,1.840893502894722,3.555555556,2.068278940998476,2.018846205137974,83.51436,8.4,13.0,4.527692569068709,4.005513348515485,3.6506582412937387,41.9,7.225974089232876,7.062881140844062
9.19649496515413,3.4275226679634283,3.722222222,6.167009139576892,1.840893502894722,3.533333333,2.0548046676563256,2.077149489083537,83.46509,9.0,13.9,4.658325879540846,3.9512437185814275,3.55820113047182,44.6,7.374510617815896,7.291154358887857
9.240470855437069,3.3738045622947634,3.611111111,6.167009139576892,1.840893502894722,3.533333333,2.0548046676563256,2.0410046545757803,85.45839,9.0,14.0,4.6475800154489,3.9531649487593215,3.572345637857985,44.6,7.39527572042066,7.340473329265317
8.568528684913392,3.6958934973591586,4.0,6.041162187740523,1.855921454156937,3.575,2.0548046676563256,1.653015426425295,68.53398,8.6,13.3,4.58257569495584,3.9926809084456005,3.632309102625542,42.9,7.028865822941339,6.34591465882231
8.64203039890611,3.6422480273595568,4.0,6.167009139576892,1.855921454156937,3.5875,2.0275875100994063,1.735707348604597,68.24402,9.3,13.8,4.560701700396552,3.9569963710708773,3.6000482404073204,43.900000000000006,7.160377070840811,6.428295733881889
8.685496956441987,3.6958934973591586,3.833333333,6.293673104239162,1.855921454156937,3.5625,2.068278940998476,1.7477042083831005,68.35095,9.4,13.7,4.527692569068709,3.955082494888593,3.6027767550605247,43.6,7.286443852688457,6.500094421714264
8.721613756412147,3.588588384862621,3.833333333,6.293673104239162,1.855921454156937,3.611111111,2.068278940998476,1.93433709575141,68.1611,8.8,13.3,4.560701700396552,3.977810745966149,3.6136169696133895,42.900000000000006,7.389510016100989,6.64096157622418
8.703126551123553,3.534914395385027,3.777777778,6.167009139576892,1.8708286933869707,3.566666667,2.068278940998476,1.992370447482094,69.74997,9.2,13.8,4.527692569068709,3.9627161197436642,3.6109179126442243,43.5,7.093085914617156,6.454727548001043
8.73218359597406,3.588588384862621,3.666666667,6.293673104239162,1.840893502894722,3.555555556,2.068278940998476,1.8672653801749766,72.02085,9.6,14.4,4.636809247747852,3.919991175077323,3.5322256440685598,45.5,7.228048728155831,6.602435691249387
8.786294709536394,3.4275226679634283,3.722222222,6.167009139576892,1.840893502894722,3.533333333,2.0548046676563256,1.8486454500525513,74.83489,10.0,14.5,4.61519230368573,3.906004933102583,3.520460802488973,45.8,7.3930076542624406,6.763766779380904
6.918715001218472,3.4275226679634283,3.0,8.288775033226226,1.5811388300841898,3.6,1.7320508075688772,2.1205164465290056,34.80822,12.6,16.3,4.61519230368573,3.754198920234579,3.3463891451671604,50.2,4.578192331641186,2.767323772746919
8.901113194996146,2.9875556198905726,3.363636364,5.71333441338356,1.7320508075688772,3.181818182,1.9540168418367887,2.06241848323758,87.86987,10.8,14.4,4.527692569068709,3.8877303128591016,3.5234150143864045,45.7,7.834230634229909,6.936420310793773
10.375139510042114,3.475856226803656,4.1,6.14177424242322,1.6278820596099706,3.62,1.9874606914351791,2.456839433092851,111.97108,13.8,17.3,4.711687595755898,3.6428355156125294,3.1780538303479458,53.3,9.318918095315475,9.428398479613502
10.447377477581483,3.3791770486642445,4.1,6.14177424242322,1.6278820596099706,3.6,2.0,2.4368217004943142,111.61355,13.7,17.3,4.732863826479693,3.648057459593681,3.1780538303479458,53.4,9.486791391855425,9.59392505264631
10.541230896731474,3.669072523417986,4.3125,6.485191084143741,1.620185174601965,3.7375,2.0463381929681126,2.384552368894422,110.32909,13.7,17.2,4.722287581247038,3.653252276470785,3.190476350346503,53.2,9.643782291501633,9.73981047916226
10.598749994352751,3.789739468582781,4.375,6.485191084143741,1.6007810593582121,3.7875,2.0766559657295187,2.418009511974674,108.74427,13.8,17.3,4.722287581247038,3.6428355156125294,3.1780538303479458,53.400000000000006,9.7614311297448,9.811217336212476
10.544647777128315,3.6958934973591586,4.277777778,6.549434072861499,1.6158932857710624,3.733333333,2.0949675149960894,2.5466016571109034,107.4238,13.9,17.5,4.732863826479693,3.6349511120883804,3.1612467120315646,53.8,9.34091713134678,9.373743707844632
10.57017473459894,3.6958934973591586,4.277777778,6.678522274489564,1.6329931619575142,3.755555556,2.0816659994661326,2.557481182726473,107.27259,13.8,17.4,4.753945729601885,3.6375861597263857,3.157000421150113,53.8,9.458970185709164,9.478400780723424
10.619321432748583,3.669072523417986,4.1875,6.775863266611121,1.695582495781317,3.7375,2.0463381929681126,2.5459791829471032,107.47822,13.9,17.3,4.732863826479693,3.6402142821326553,3.169685580677429,53.6,9.65276330357736,9.590438539508286
10.618251889608523,3.669072523417986,4.25,6.775863266611121,1.7320508075688772,3.75,2.0766559657295187,2.681891123815432,107.4859,14.0,17.4,4.743416490252569,3.629660094453965,3.148453360571655,53.9,9.55074757878085,9.50895654773949
10.633307491429173,3.669072523417986,4.1875,6.630020290481129,1.7320508075688772,3.725,2.0766559657295187,2.6794551684997456,143.21856,14.0,17.5,4.753945729601885,3.6270040503958487,3.148453360571655,54.1,9.565635215846699,9.524304041639137
10.325324901081661,3.475856226803656,4.1,6.14177424242322,1.6278820596099706,3.62,1.9874606914351791,2.345167371425758,112.27382,13.2,17.2,4.743416490252569,3.676300671907076,3.214867803470662,52.9,8.926884365548391,8.835640518298025
10.38788582993078,3.3791770486642445,4.1,6.14177424242322,1.6278820596099706,3.6,2.0,2.3328330416041347,112.07455,13.2,17.3,4.764451699828638,3.6712245188752153,3.1986731175506815,53.2,9.027510200609159,8.926557803253562
10.437747729574937,3.669072523417986,4.3125,6.485191084143741,1.620185174601965,3.7375,2.0463381929681126,2.3334930897690698,111.83735,12.7,16.5,4.679743582719036,3.735285826928092,3.3032169733019514,51.1,9.16433056535219,9.03972155638681
10.465776621213248,3.789739468582781,4.375,6.485191084143741,1.6007810593582121,3.7875,2.0766559657295187,2.33324452211936,111.62556,12.6,16.5,4.679743582719036,3.742420221041966,3.3214324131932926,51.0,9.286967611383742,9.130794378610414
10.453842303429383,3.6958934973591586,4.277777778,6.549434072861499,1.6158932857710624,3.733333333,2.0949675149960894,2.3955124712678915,111.17852,12.7,16.7,4.701063709417263,3.7328963395307104,3.299533727885655,51.5,9.030444523478337,8.878093015581898
10.488503716475579,3.6958934973591586,4.277777778,6.678522274489564,1.6329931619575142,3.755555556,2.0816659994661326,2.383992449652473,111.3269,12.4,16.3,4.669047011971501,3.756538102587751,3.3357695763397,50.5,9.128554141143987,8.970667661985537
10.530501073735053,3.669072523417986,4.1875,6.775863266611121,1.695582495781317,3.7375,2.0463381929681126,2.3485868091258624,111.22241,12.5,16.4,4.669047011971501,3.747148362237912,3.32862668882732,50.7,9.298590376898147,9.101030732312278
10.53685102323905,3.669072523417986,4.25,6.775863266611121,1.7320508075688772,3.75,2.0766559657295187,2.3523243823928706,111.66532,12.6,16.5,4.669047011971501,3.744787086052232,3.32862668882732,50.900000000000006,9.22563275685366,9.048532794945627
8.551126875908988,3.910336952725286,4.5,7.0705664903559216,1.8708286933869707,3.9,1.8708286933869707,1.5761694071387122,81.6564,11.2,16.0,4.774934554525329,3.8022081394209395,3.3568971227655755,50.0,6.459975209214259,5.406144046292715
8.677199266337835,4.3920665104872585,4.5,8.288775033226226,1.8708286933869707,4.1,2.1213203435596424,1.7331012665161836,83.48521,11.4,16.0,4.774934554525329,3.7954891891721947,3.349904087274605,50.2,6.854295831251759,5.488911735555777
8.827542900749021,4.87281235689288,4.5,8.288775033226226,1.7320508075688772,4.0,2.345207879911715,1.6422149676580104,89.8833,11.1,15.7,4.732863826479693,3.8199077165203406,3.3978584803966405,49.2,7.209159587669265,5.769106543927706
8.873469455892874,5.352658433631555,4.5,8.288775033226226,1.7320508075688772,4.2,2.449489742783178,1.7086719989512325,90.65106,10.9,15.7,4.722287581247038,3.828641396489095,3.40452517175483,48.900000000000006,7.361716202284743,5.966438480443942
8.851556062031253,5.352658433631555,4.5,8.288775033226226,1.7320508075688772,4.2,2.449489742783178,1.7950988830702335,88.10632,11.0,15.7,4.743416490252569,3.822098297900159,3.3978584803966405,49.2,7.068396230788369,5.697750371142258
7.9719037889890725,3.910336952725286,4.0,7.0705664903559216,1.8708286933869707,3.7,2.0,2.7243494636334744,47.34028,9.9,14.6,4.658325879540846,3.903990833730882,3.517497837358316,46.2,5.3837915404610746,4.920032225868052
8.49260947289669,4.3920665104872585,4.0,5.916136841548457,2.0,4.0,2.0,2.8140966578992983,58.13869,9.8,14.6,4.679743582719036,3.8979240810486444,3.4873750779032076,46.3,6.227598448311787,6.376416048887307
10.149508215757683,3.475856226803656,4.1,6.14177424242322,1.6278820596099706,3.62,1.9874606914351791,1.990969613027783,99.64309,12.0,16.7,4.764451699828638,3.754198920234579,3.306886702190914,51.4,8.516616262350912,7.370091893806959
10.236837061371288,3.6958934973591586,4.277777778,6.678522274489564,1.6329931619575142,3.755555556,2.0816659994661326,2.19402825870589,104.97926,12.3,17.1,4.78539444560216,3.7376696182833684,3.280911215787653,52.3,8.69554630472527,7.816589839723772
8.683021140066394,3.6422480273595568,4.0,6.167009139576892,1.855921454156937,3.5875,2.0275875100994063,1.7274287250129887,52.00338,7.0,11.8,4.381780460041329,4.092676505121403,3.7887247890836524,38.0,6.583379077264134,5.493204074382251
8.79783856426589,3.588588384862621,3.666666667,6.293673104239162,1.840893502894722,3.555555556,2.068278940998476,1.674237139714682,63.14287,11.9,16.3,4.701063709417263,3.7600366484302645,3.332204510175204,50.5,6.878212187013213,6.387370129151471
7.272148361314837,2.9434997843127073,4.0,4.828682739953337,1.5811388300841898,3.2,2.1213203435596424,1.359797779083346,29.19433,11.9,16.3,4.701063709417263,3.7600366484302645,3.332204510175204,50.5,5.200064746247554,4.47801003276817
8.820560603225589,2.9434997843127073,3.5,5.916136841548457,1.7320508075688772,3.3,2.0,2.8530212056695268,96.86823,11.9,16.3,4.701063709417263,3.7600366484302645,3.332204510175204,50.5,6.932703719329476,6.565298382938143
9.14342997349351,2.9434997843127073,3.5,5.916136841548457,1.5811388300841898,3.4,2.0,1.9133713701213364,88.64228,11.9,16.3,4.701063709417263,3.7600366484302645,3.332204510175204,50.5,7.571353627929984,7.0945056750634015
8.221532709262851,3.4275226679634283,4.0,7.0705664903559216,1.7320508075688772,3.7,2.1213203435596424,2.19402825870589,72.6366,7.1,12.0,4.538722287164087,4.062165663857866,3.7184382563554808,39.7,6.705512639606658,5.908787056106056
10.527384864302428,3.475856226803656,4.1,6.14177424242322,1.6278820596099706,3.62,1.9874606914351791,2.717325891386604,109.11264,13.6,17.1,4.6475800154489,3.676300671907076,3.2347491740244907,52.3,9.727941530388671,9.2511116169965
10.589075231930556,3.3791770486642445,4.1,6.14177424242322,1.6278820596099706,3.6,2.0,2.71555519185304,109.39719,13.4,16.7,4.636809247747852,3.7013019741124933,3.2733640101522705,51.6,9.889528459739765,9.338573935672688
10.632717595649083,3.669072523417986,4.3125,6.485191084143741,1.620185174601965,3.7375,2.0463381929681126,2.65730690737822,108.87189,13.6,16.8,4.6475800154489,3.686376323895818,3.250374491927572,52.0,9.97451356865399,9.636739169920292
10.68576929203887,3.789739468582781,4.375,6.485191084143741,1.6007810593582121,3.7875,2.0766559657295187,2.693393769948984,109.07084,12.9,16.4,4.604345773288535,3.7328963395307104,3.3357695763397,50.5,9.874393817225712,9.733473879672491
10.64222024403562,3.6958934973591586,4.277777778,6.549434072861499,1.6158932857710624,3.733333333,2.0949675149960894,2.7124029936571,107.943,13.8,17.3,4.669047011971501,3.66612246699132,3.2188758248682006,52.900000000000006,9.334020799631215,9.452404067368317
10.590975248381756,3.6958934973591586,4.277777778,6.678522274489564,1.6329931619575142,3.755555556,2.0816659994661326,2.6858946368016747,109.28977,14.4,17.9,4.701063709417263,3.6109179126442243,3.1354942159291497,54.4,9.418060644924294,9.580127046941426
10.619810830504703,3.669072523417986,4.1875,6.775863266611121,1.695582495781317,3.7375,2.0463381929681126,2.654716557374817,108.55373,14.1,18.0,4.732863826479693,3.616308761279101,3.139832617527748,54.5,9.62844554598125,9.727205797192
7.985334583775731,3.4275226679634283,3.5,7.0705664903559216,1.8708286933869707,3.7,1.8708286933869707,1.7702542190318316,54.17274,11.9,16.3,4.701063709417263,3.7600366484302645,3.332204510175204,50.5,4.812154386952892,4.476342980474677
8.267071480136964,3.4275226679634283,3.5,7.0705664903559216,1.8708286933869707,3.7,1.8708286933869707,1.7918593694818798,59.79393,11.8,15.2,4.527692569068709,3.8110970868381857,3.4339872044851463,47.5,5.387757314382609,4.979889779154996
8.34677965191665,3.4275226679634283,3.5,7.0705664903559216,1.8708286933869707,3.7,1.8708286933869707,1.8219742039886295,63.29094,11.9,16.3,4.701063709417263,3.7600366484302645,3.332204510175204,50.5,5.645949048030571,5.185489432033098
8.404801347136607,2.9434997843127073,3.0,7.0705664903559216,1.8708286933869707,3.6,2.0,1.9295621264939877,66.42168,11.7,15.2,4.527692569068709,3.8155121050473024,3.4372078191851885,47.4,5.909930420605835,5.483655236671621
8.730667748298476,2.9434997843127073,3.5,7.0705664903559216,1.7320508075688772,3.14,2.1213203435596424,1.6949395269448406,60.13283,12.0,15.7,4.604345773288535,3.7796338173824005,3.367295829986474,48.9,5.534114502989172,5.927937422215889
8.876657641063712,2.9875556198905726,3.363636364,5.71333441338356,1.718879127513043,3.154545455,1.9188064472004938,1.7447807885233033,70.55849,11.3,15.1,4.61519230368573,3.8242840911201395,3.4210000089583352,47.7,5.762363995597993,6.187912102190991
8.941023292612371,2.9875556198905726,3.363636364,5.71333441338356,1.7320508075688772,3.181818182,1.9540168418367887,1.7034964044576084,69.7292,11.4,15.3,4.61519230368573,3.8133070324889884,3.40452517175483,48.0,6.299293040569773,6.357616263078422
8.979941816649719,2.9875556198905726,3.363636364,6.121151841460059,1.718879127513043,3.218181818,2.0,1.877532955769352,74.73399,11.5,15.2,4.5934736311423405,3.8155121050473024,3.414442608412176,47.8,5.998469795913544,6.183079177259305
9.03974420335196,2.9875556198905726,3.363636364,6.4327784637840075,1.7320508075688772,3.263636364,1.9886038958388508,1.6769853905147771,76.54019,10.9,15.1,4.6475800154489,3.828641396489095,3.417726683613366,47.6,6.32249378219643,6.473262122275324
9.107611944887656,2.906212993455787,3.307692308,6.002605124546738,1.7541160386359849,3.176923077,1.9709427654336857,1.7859003331653196,79.21021,10.2,14.2,4.54972526643093,3.8897773964808264,3.5145260669691587,45.1,6.577962486162939,6.714826316285312
9.174314150995258,2.839609164034149,3.285714286,5.916136841548457,1.7728105208961278,3.178571429,1.9820624179302297,1.8459360768997393,80.40742,10.2,14.1,4.527692569068709,3.893859034800475,3.5234150143864045,44.8,6.642592692090017,6.6339114854229395
9.211340871309766,2.8465371836243163,3.3,5.693176665433424,1.760681686165901,3.133333333,1.9916492328386208,1.8348242422640921,82.48971,10.1,13.9,4.527692569068709,3.903990833730882,3.5234150143864045,44.5,6.603752701055056,6.581695976229582
9.233567521055342,2.8465371836243163,3.3,5.693176665433424,1.7701224062194116,3.153333333,2.0,1.8156073364028908,82.4687,10.2,14.2,4.538722287164087,3.8897773964808264,3.5115454388310208,45.0,6.54590831656211,6.533824849913693
10.6082477897651,3.475856226803656,4.1,6.14177424242322,1.6278820596099706,3.62,1.9874606914351791,2.127843979242839,109.53949,12.4,16.2,4.679743582719036,3.756538102587751,3.332204510175204,50.5,9.76863502027851,10.168303556576184
10.697170327519467,3.3791770486642445,4.1,6.14177424242322,1.6278820596099706,3.6,2.0,2.1324281933983147,110.68822,12.4,16.4,4.743416490252569,3.7305011288047556,3.280911215787653,51.3,9.839164666101926,10.154542902964621
10.75321959076429,3.669072523417986,4.3125,6.485191084143741,1.620185174601965,3.7375,2.0463381929681126,2.1715846748400116,112.88951,12.8,16.5,4.722287581247038,3.720862499966987,3.2771447329921766,51.6,9.93022222395165,10.247815013853916
10.695803142170565,3.789739468582781,4.375,6.485191084143741,1.6007810593582121,3.7875,2.0766559657295187,2.334652008330149,114.90616,13.0,17.0,4.753945729601885,3.696351468952637,3.242592351485517,52.6,9.87467275124692,10.274848201600225
10.632785594842765,3.6958934973591586,4.277777778,6.549434072861499,1.6158932857710624,3.733333333,2.0949675149960894,2.481791691500316,118.91978,12.6,16.7,4.722287581247038,3.7305011288047556,3.280911215787653,51.6,9.603956509172804,10.201233009645364
10.673809640250123,3.6958934973591586,4.277777778,6.678522274489564,1.6329931619575142,3.755555556,2.0816659994661326,2.468862086063132,123.46261,12.7,16.9,4.743416490252569,3.7184382563554808,3.254242968705492,52.1,9.557808526710337,10.182405927722572
10.716335706111963,3.669072523417986,4.1875,6.775863266611121,1.695582495781317,3.7375,2.0463381929681126,2.398628774946219,122.09314,12.7,16.7,4.743416490252569,3.7305011288047556,3.2771447329921766,51.9,9.68760080939975,10.251364331135767
10.744830144029443,3.669072523417986,4.25,6.775863266611121,1.7320508075688772,3.75,2.0766559657295187,2.4030522258161597,126.09333,12.5,16.6,4.722287581247038,3.7400477406883357,3.292126286607793,51.400000000000006,9.661559767456845,10.171070307591842
10.151364300983,2.9434997843127073,2.75,5.363817704224406,1.6583123951777,3.1,2.0615528128088303,2.397356877896989,104.73612,9.7,15.2,4.806245936279167,3.8753590210565547,3.4468078929142076,48.0,8.779416036003543,8.72789540553922
10.178746400301604,2.9434997843127073,2.75,5.363817704224406,1.6583123951777,3.1,2.0615528128088303,2.3963972959423905,104.88754,9.9,15.6,4.8270073544588685,3.858622228701031,3.4242626545931514,48.8,8.822096434529366,8.800064100754215
10.246233283859832,3.4275226679634283,2.25,5.363817704224406,1.6583123951777,3.0,2.0615528128088303,2.3417151833645353,104.26852,10.0,15.7,4.8270073544588685,3.8522730010223722,3.417726683613366,49.0,8.972920085641375,8.92724981568549
10.239813349864203,3.4275226679634283,2.25,5.363817704224406,1.6583123951777,3.05,2.0,2.3491934786219715,102.88162,9.8,15.5,4.8270073544588685,3.8607297110405954,3.4339872044851463,48.6,9.095795938314321,9.035186484303049
10.236529627158175,3.4275226679634283,2.5,5.363817704224406,1.6583123951777,3.15,2.0615528128088303,2.3406601632872723,101.99169,9.5,15.5,4.847679857416329,3.8712010109078907,3.449987545831587,48.5,8.75276764566984,8.764768128461956
10.285341429816514,3.4275226679634283,2.5,5.363817704224406,1.5811388300841898,3.2,2.0615528128088303,2.3510869826529177,102.05584,9.7,15.5,4.78539444560216,3.8753590210565547,3.4688560301359703,48.1,8.957453756600307,8.94417603051566
10.346977787574241,3.185671146890686,2.5,5.363817704224406,1.5811388300841898,3.05,2.0,2.3581009308339627,101.69799,9.8,15.6,4.857983120596447,3.85439389259151,3.417726683613366,49.0,9.155771928569253,9.074648374942319
10.455687338349822,3.185671146890686,2.5,5.363817704224406,1.5,3.0,2.0,2.4207312944645465,101.53176,10.4,15.9,4.8373546489791295,3.835141961092188,3.3978584803966405,49.7,9.09761267583862,9.022446145621567
10.313331061442913,3.475856226803656,4.1,6.14177424242322,1.6278820596099706,3.62,1.9874606914351791,2.0609391063299274,98.28961,12.4,17.1,4.795831523312719,3.7305011288047556,3.2771447329921766,52.5,8.757560879333656,8.761986510321467
10.387532452624432,3.3791770486642445,4.1,6.14177424242322,1.6278820596099706,3.6,2.0,2.129711248033404,99.0232,12.4,17.0,4.774934554525329,3.7328963395307104,3.280911215787653,52.2,8.937506645932718,8.877695860764808
10.438416835005388,3.669072523417986,4.3125,6.485191084143741,1.620185174601965,3.7375,2.0463381929681126,2.028943074608058,99.62739,12.6,17.2,4.795831523312719,3.716008121502189,3.254242968705492,52.8,9.077542283155484,9.054250893286671
10.47797140384495,3.789739468582781,4.375,6.485191084143741,1.6007810593582121,3.7875,2.0766559657295187,2.097801229859493,100.36239,12.4,17.1,4.774934554525329,3.7328963395307104,3.2846635654062037,52.3,9.164585441411834,9.129874720259615
10.451732074854283,3.6958934973591586,4.277777778,6.549434072861499,1.6158932857710624,3.733333333,2.0949675149960894,2.1293332289709848,100.71809,12.4,17.1,4.806245936279167,3.7305011288047556,3.2733640101522705,52.6,8.857255589567108,8.837316100806811
10.467598081116343,3.6958934973591586,4.277777778,6.678522274489564,1.6329931619575142,3.755555556,2.0816659994661326,2.0854735673223,102.2127,12.5,17.0,4.774934554525329,3.747148362237912,3.3032169733019514,52.3,9.013880619972564,8.927859729841012
10.507776469843295,3.669072523417986,4.1875,6.775863266611121,1.695582495781317,3.7375,2.0463381929681126,2.034829231164129,102.66749,12.2,16.9,4.774934554525329,3.754198920234579,3.3105430133940246,51.9,9.149762197891338,9.083991957257128
8.953654256266784,3.6958934973591586,4.0,6.041162187740523,1.855921454156937,3.575,2.0548046676563256,2.1485855812603787,90.57089,11.9,16.3,4.701063709417263,3.7600366484302645,3.332204510175204,50.5,7.509792179493213,6.339939237356493
9.00249790965195,3.588588384862621,3.666666667,6.293673104239162,1.840893502894722,3.555555556,2.068278940998476,2.5241434190631877,92.82521,11.9,16.3,4.701063709417263,3.7600366484302645,3.332204510175204,50.5,7.556048846800759,6.187458989012293
10.37881666369705,3.1196569480017153,3.318181818,5.916136841548457,1.6922282245607416,3.14,1.9306145983268455,1.8665235064150678,100.99853,11.9,16.3,4.701063709417263,3.7600366484302645,3.332204510175204,50.5,8.303595475860693,8.446176785167662
10.47092382347863,2.9875556198905726,3.363636364,5.71333441338356,1.7320508075688772,3.181818182,1.9540168418367887,1.8547883976346198,100.64297,12.1,17.0,4.78539444560216,3.7495040759303713,3.299533727885655,52.0,8.692047872756993,8.716499570430209
10.4726680241294,2.9875556198905726,3.363636364,6.4327784637840075,1.7320508075688772,3.263636364,1.9886038958388508,1.9445693610668662,101.6095,12.7,16.5,4.711687595755898,3.725693427236653,3.2846635654062037,51.4,8.597919997491497,8.701441396899273
10.581597995882397,2.8465371836243163,3.3,5.693176665433424,1.760681686165901,3.133333333,1.9916492328386208,1.9540982575090742,101.91998,12.8,16.6,4.658325879540846,3.7400477406883357,3.3105430133940246,51.1,8.785456307915434,8.632667124028877
9.201619455083874,3.4275226679634283,2.5,5.363817704224406,1.5811388300841898,3.2,2.0615528128088303,2.19402825870589,88.51937,12.1,15.8,4.636809247747852,3.770459441106359,3.349904087274605,49.4,7.697534170050151,6.921910432701303
9.542697008263708,3.475856226803656,4.1,6.14177424242322,1.6278820596099706,3.62,1.9874606914351791,1.504503240275673,96.59815,10.3,15.2,4.743416490252569,3.8522730010223722,3.4242626545931514,48.0,7.043445712108939,7.517187055717913
9.664154912225051,3.3791770486642445,4.1,6.14177424242322,1.6278820596099706,3.6,2.0,1.6207374864548547,99.37904,13.1,16.6,4.679743582719036,3.7013019741124933,3.254242968705492,51.6,7.343848770873082,7.823772096815315
9.864132190318069,3.6958934973591586,4.277777778,6.678522274489564,1.6329931619575142,3.755555556,2.0816659994661326,2.19402825870589,97.7345,13.5,17.1,4.722287581247038,3.655839600035736,3.1822118404966093,52.900000000000006,7.294966202327561,8.162858267651691
10.052989730514762,3.330819230329291,4.1,5.916136841548457,1.61245154965971,3.6,2.0,2.19402825870589,109.1081,13.7,17.2,4.711687595755898,3.6349511120883804,3.1612467120315646,53.1,7.4636112866903614,7.871143165710297
7.690103105000384,3.910336952725286,3.0,4.828682739953337,1.7320508075688772,3.1,2.0,2.7084405106998384,47.8988,9.1,13.4,4.516635916254486,3.9740583963475986,3.632309102625542,42.9,5.100505501703889,4.568644418463275
9.218346239327492,2.9434997843127073,2.75,5.363817704224406,1.6583123951777,3.1,2.0615528128088303,1.6347079249823193,80.48947,11.9,16.3,4.701063709417263,3.7600366484302645,3.332204510175204,50.5,7.605794910087265,6.0055996859655965
9.60483687763525,3.4275226679634283,2.5,5.363817704224406,1.5811388300841898,3.2,2.0615528128088303,1.2773918740934591,75.30478,11.9,16.3,4.701063709417263,3.7600366484302645,3.332204510175204,50.5,8.188124634612139,6.748234540908529
9.62422460623841,3.185671146890686,2.5,5.363817704224406,1.5811388300841898,3.05,2.0,1.2830666389552805,76.13277,12.7,17.0,4.743416490252569,3.713572066704308,3.250374491927572,52.2,8.293427969462401,6.741405468991363
7.415253372655419,2.9434997843127073,4.0,4.828682739953337,1.8708286933869707,3.3,1.8708286933869707,3.845901714812795,39.5876,11.9,16.3,4.701063709417263,3.7600366484302645,3.332204510175204,50.5,5.947467698274125,5.32220895407003
11.138796946834166,3.475856226803656,4.1,6.14177424242322,1.6278820596099706,3.62,1.9874606914351791,2.19402825870589,95.36519,13.0,17.1,4.722287581247038,3.6988297849671046,3.2308043957334744,52.400000000000006,10.540234717193684,10.21594627333873
11.411535943357771,3.6958934973591586,4.277777778,6.678522274489564,1.6329931619575142,3.755555556,2.0816659994661326,2.19402825870589,101.34617,12.9,17.3,4.78539444560216,3.6838669122903918,3.2068032436339315,53.1,10.602651411101862,10.219827228952381
7.222288608084596,3.910336952725286,3.5,5.916136841548457,1.8708286933869707,3.6,2.0,1.9616778532674524,21.14828,10.8,14.6,4.527692569068709,3.8815637979434374,3.5085558999826545,45.9,4.521243613324842,3.836572079735152
7.3069541283687744,2.9434997843127073,3.5,4.828682739953337,1.5811388300841898,2.9,2.0,1.6529277056181253,38.02759,10.0,14.1,4.54972526643093,3.919991175077323,3.5409593240373143,44.8,4.69271649956883,3.976759982774817
7.292405247376381,2.9434997843127073,3.5,5.916136841548457,1.7320508075688772,3.5,1.8708286933869707,2.0871942889918036,33.05596,9.3,13.4,4.47213595499958,3.966511190712216,3.6349511120883804,42.7,4.9976227821664425,4.334879480992739
9.762240758313894,2.9434997843127073,3.333333333,5.63785819857744,1.695582495781317,3.090909091,1.925703334715224,2.117963644636045,67.96889,9.1,13.9,4.6475800154489,3.937690752176724,3.5496173867804286,44.6,8.506624230425187,8.709768164901798
9.873526674472933,2.9875556198905726,3.363636364,5.71333441338356,1.7320508075688772,3.181818182,1.9540168418367887,1.9896054885328398,66.02975,8.9,13.8,4.669047011971501,3.9473901492654373,3.5610460826040513,44.5,8.635469761475921,8.87956046959553
9.910858321554855,2.9875556198905726,3.363636364,6.4327784637840075,1.7320508075688772,3.263636364,1.9886038958388508,2.2285510988083717,66.82577,11.9,16.3,4.701063709417263,3.7600366484302645,3.332204510175204,50.5,8.653849902466904,8.842637459370442
9.966895121888752,2.906212993455787,3.307692308,6.002605124546738,1.7541160386359849,3.176923077,1.9709427654336857,2.400612421862388,67.1958,9.3,14.1,4.669047011971501,3.92395157629342,3.5322256440685598,45.2,8.768453836892657,8.95917644716225
10.041517561196958,2.8465371836243163,3.3,5.693176665433424,1.760681686165901,3.133333333,1.9916492328386208,2.4685866401647725,71.0678,10.1,14.7,4.658325879540846,3.885679030088544,3.4904285153900982,46.5,8.829191343374927,8.932937480087656
7.302118994019128,3.4275226679634283,3.5,5.916136841548457,1.8708286933869707,3.4,2.0,2.002316158852043,25.55252,11.9,16.3,4.701063709417263,3.7600366484302645,3.332204510175204,50.5,4.771632202917688,4.413617897804034
7.457684301328016,3.4275226679634283,3.5,7.0705664903559216,1.8708286933869707,3.5,2.0,1.9632982453004943,38.77258,11.9,16.3,4.701063709417263,3.7600366484302645,3.332204510175204,50.5,5.716638087020075,4.864059487003485
10.129150726932448,3.669072523417986,4.3125,6.485191084143741,1.620185174601965,3.7375,2.0463381929681126,2.512554477021344,100.89894,13.4,17.7,4.806245936279167,3.6506582412937387,3.1612467120315646,54.2,9.40624416395113,8.957550793546387
10.185822982132699,3.789739468582781,4.375,6.485191084143741,1.6007810593582121,3.7875,2.0766559657295187,2.4178916435605626,99.66492,13.4,17.5,4.806245936279167,3.6506582412937387,3.157000421150113,54.0,9.438163826248488,8.909077238622027
10.265469141295878,3.6958934973591586,4.277777778,6.678522274489564,1.6329931619575142,3.755555556,2.0816659994661326,2.628931341819333,98.43982,13.4,17.6,4.795831523312719,3.653252276470785,3.1654750481410856,54.0,9.53458556057816,9.10138050602715
10.27416416402507,3.669072523417986,4.1875,6.775863266611121,1.695582495781317,3.7375,2.0463381929681126,2.8220116938099316,85.89744,13.5,17.6,4.753945729601885,3.6584202466292277,3.186352633162641,53.7,9.785168544551313,9.447938770556465
10.317085499274471,3.669072523417986,4.25,6.775863266611121,1.7320508075688772,3.75,2.0766559657295187,2.599934614562451,85.82467,13.5,17.6,4.743416490252569,3.6635616461296463,3.1945831322991562,53.6,9.841626633563083,9.50625875504443
8.349567125020886,3.4275226679634283,4.0,5.916136841548457,1.5811388300841898,3.5,2.0,1.8847413615666209,18.82466,11.3,16.3,4.8373546489791295,3.770459441106359,3.3032169733019514,51.0,6.229455669632264,6.223042253232539
8.338779190173298,2.9434997843127073,4.0,5.916136841548457,1.5811388300841898,3.2,2.0,1.89849414010157,20.32848,11.9,16.3,4.701063709417263,3.7600366484302645,3.332204510175204,50.5,6.215441546158872,6.278289459741474
9.367250099271946,2.997344292773568,3.25,5.4243464381130195,1.6749792703194866,3.144444444,1.848422751068236,2.049768279586744,88.65556,11.9,16.3,4.701063709417263,3.7600366484302645,3.332204510175204,50.5,7.853159280238277,7.465345230615734
9.440477808955217,2.997344292773568,3.25,5.546037682954192,1.6583123951777,3.166666667,1.8782379449307742,1.9540010235411853,87.55458,11.7,15.6,4.626013402488151,3.8022081394209395,3.391147045808654,48.7,7.990734266873158,7.545339583032466
9.674868412510216,2.8627014562656012,3.333333333,5.546037682954192,1.598610507909916,3.2,1.8856180831641267,1.9120094142027648,89.24696,11.9,16.3,4.701063709417263,3.7600366484302645,3.332204510175204,50.5,8.166710109246553,7.299895019388269
9.75225236851761,2.9179886441123735,3.236842105,5.27816821932426,1.6059101369628377,3.173684211,1.8496087779795347,1.8667619023324855,91.84192,11.2,15.1,4.538722287164087,3.85439389259151,3.484312288372662,46.9,8.433154469200325,7.494836401432895
9.700994308351694,3.330819230329291,4.1,5.916136841548457,1.61245154965971,3.6,2.0,2.19402825870589,90.34223,10.7,16.3,4.847679857416329,3.8133070324889884,3.3568971227655755,50.5,8.100540853354525,6.343013412443267
6.56319240121242,2.9434997843127073,3.5,5.916136841548457,1.7320508075688772,3.3,2.0,2.1047850246521613,13.09606,11.9,16.3,4.701063709417263,3.7600366484302645,3.332204510175204,50.5,4.788757877492456,4.469938042974559
7.675142208727116,2.9434997843127073,4.0,7.0705664903559216,1.5811388300841898,3.7,1.8708286933869707,2.1718632553639283,58.79362,12.1,16.2,4.669047011971501,3.7495040759303713,3.3105430133940246,50.1,5.243597024181659,3.502104750909725
10.53546546298568,3.475856226803656,4.1,6.14177424242322,1.6278820596099706,3.62,1.9874606914351791,2.2712969863054018,119.33037,13.5,17.3,4.743416490252569,3.6635616461296463,3.1945831322991562,53.3,9.853902602100543,9.972817460494191
10.6216236432494,3.3791770486642445,4.1,6.14177424242322,1.6278820596099706,3.6,2.0,2.2562069940499696,119.4944,13.3,17.0,4.69041575982343,3.6888794541139363,3.246490991901174,52.3,9.995766727031636,10.106984462208503
10.690710287427565,3.669072523417986,4.3125,6.485191084143741,1.620185174601965,3.7375,2.0463381929681126,2.221206879153763,120.56636,13.4,17.1,4.711687595755898,3.6788291182604347,3.2228678461377385,52.7,10.155135428403053,10.280483431130186
10.745511530420623,3.789739468582781,4.375,6.485191084143741,1.6007810593582121,3.7875,2.0766559657295187,2.2566058583633963,121.62638,13.5,17.3,4.732863826479693,3.66612246699132,3.2068032436339315,53.2,10.312160582658526,10.41007831932821
10.704555742889177,3.6958934973591586,4.277777778,6.549434072861499,1.6158932857710624,3.733333333,2.0949675149960894,2.3443101330668688,121.77332,13.8,17.6,4.764451699828638,3.6375861597263857,3.152736022363656,54.1,10.04851711643676,10.169866397226961
10.715363543588628,3.6958934973591586,4.277777778,6.678522274489564,1.6329931619575142,3.755555556,2.0816659994661326,2.3570744578820584,123.13176,13.8,17.7,4.753945729601885,3.6349511120883804,3.152736022363656,54.1,10.184207773604907,10.297249993027659
10.749356249298195,3.669072523417986,4.1875,6.775863266611121,1.695582495781317,3.7375,2.0463381929681126,2.3507807213774745,129.0815,13.8,17.6,4.743416490252569,3.6375861597263857,3.1612467120315646,53.900000000000006,10.322640061791663,10.437300054040694
10.763696702343541,3.669072523417986,4.25,6.775863266611121,1.7320508075688772,3.75,2.0766559657295187,2.340010683736294,130.1759,13.9,17.6,4.732863826479693,3.6375861597263857,3.157000421150113,53.9,10.304916687221269,10.403548006857134
10.804512756892988,3.669072523417986,4.1875,6.630020290481129,1.7320508075688772,3.725,2.0766559657295187,2.368149066254065,132.12091,13.8,17.5,4.743416490252569,3.6428355156125294,3.169685580677429,53.8,10.32654324080569,10.440706604237882
10.153406229431315,3.1196569480017153,3.318181818,5.916136841548457,1.6922282245607416,3.14,1.9306145983268455,2.503769158688556,120.10327,11.9,16.3,4.701063709417263,3.7600366484302645,3.332204510175204,50.5,8.755673485774187,8.567351027609682
10.348998353920694,2.9875556198905726,3.363636364,6.4327784637840075,1.7320508075688772,3.263636364,1.9886038958388508,2.6557673090841374,118.95163,11.9,16.3,4.701063709417263,3.7600366484302645,3.332204510175204,50.5,8.855993741097018,8.883199188800626
8.12717712986232,3.4275226679634283,4.0,7.0705664903559216,1.8708286933869707,3.7,2.1213203435596424,2.19402825870589,68.51656,8.5,12.8,4.39317652729776,4.018183201256536,3.703768066607687,40.6,6.143841365067339,5.07371644417265
8.284244223748246,3.4275226679634283,3.5,7.0705664903559216,1.5811388300841898,3.6,2.1213203435596424,2.119695732882434,74.18835,11.9,16.3,4.701063709417263,3.7600366484302645,3.332204510175204,50.5,6.5746114182437925,5.757401419549964
6.783155310748807,3.4275226679634283,2.5,5.916136841548457,1.7320508075688772,3.0,2.0,2.19402825870589,9.90822,9.7,13.7,4.449719092257398,3.9512437185814275,3.616308761279101,43.2,3.990643947253262,3.58510305215935
6.856135615552531,2.9434997843127073,2.5,5.916136841548457,1.7320508075688772,3.0,2.0,2.005233153526043,10.89765,11.4,14.8,4.516635916254486,3.8437441646748516,3.4781584227982836,46.6,4.17667792885248,3.763327331453158
6.958533940969147,2.9434997843127073,2.5,5.916136841548457,1.7320508075688772,3.2,2.0,1.9321956422681426,13.51845,11.9,16.3,4.701063709417263,3.7600366484302645,3.332204510175204,50.5,4.923678844588343,3.392845258096269
6.964929248256655,2.9434997843127073,2.5,7.0705664903559216,1.7320508075688772,3.4,1.8708286933869707,2.0511411458015267,14.35081,12.7,16.2,4.626013402488151,3.7328963395307104,3.3105430133940246,50.3,4.717851881304532,4.151455122005953
7.035039699846183,2.9434997843127073,2.5,7.0705664903559216,1.7320508075688772,3.3,2.0,2.6034534756741863,18.81946,11.8,16.0,4.69041575982343,3.770459441106359,3.332204510175204,49.8,4.718866791653397,4.01069534580747
8.440987944595618,3.4275226679634283,3.0,5.916136841548457,1.7320508075688772,3.2,1.8708286933869707,2.19402825870589,43.83671,11.3,15.9,4.774934554525329,3.784189633918261,3.3250360206965914,50.0,5.619798160308551,6.289430557817257
10.778286482285656,3.475856226803656,4.1,6.14177424242322,1.6278820596099706,3.62,1.9874606914351791,2.6208166666136723,113.87617,13.5,16.6,4.604345773288535,3.7062280924485496,3.306886702190914,51.3,9.393387450719947,10.019199669996201
10.903512815065138,3.3791770486642445,4.1,6.14177424242322,1.6278820596099706,3.6,2.0,2.526988326051389,114.04077,14.4,18.0,4.795831523312719,3.597312260588446,3.100092288878234,55.4,9.530714770028897,10.173313979245467
10.936256647128715,3.669072523417986,4.3125,6.485191084143741,1.620185174601965,3.7375,2.0463381929681126,2.556417415055687,113.62567,14.1,17.5,4.753945729601885,3.624340932976365,3.144152278672264,54.2,9.740300790142456,10.268650186133106
11.036078473242485,3.789739468582781,4.375,6.485191084143741,1.6007810593582121,3.7875,2.0766559657295187,2.507855657728331,112.7376,14.2,17.7,4.774934554525329,3.616308761279101,3.126760535960395,54.7,9.839483879068156,10.47570421992144
10.926331208866085,3.6958934973591586,4.277777778,6.549434072861499,1.6158932857710624,3.733333333,2.0949675149960894,2.66454686579163,111.69433,14.4,17.9,4.774934554525329,3.6000482404073204,3.104586678466073,55.1,9.559175983606039,10.089352048277
10.972116637250359,3.6958934973591586,4.277777778,6.678522274489564,1.6329931619575142,3.755555556,2.0816659994661326,2.59806658883101,113.23055,14.5,18.0,4.774934554525329,3.591817741270805,3.091042453358316,55.3,9.66886328346179,10.19332735244031
11.042299081853548,3.669072523417986,4.1875,6.775863266611121,1.695582495781317,3.7375,2.0463381929681126,2.5408994470462622,112.98291,14.4,18.2,4.795831523312719,3.5779478934066544,3.068052935133617,55.6,9.816276177587751,10.38550686043765
11.094000427064994,3.669072523417986,4.25,6.775863266611121,1.7320508075688772,3.75,2.0766559657295187,2.7151095742161124,110.72072,14.4,18.1,4.78539444560216,3.5890591188317256,3.086486636822455,55.4,9.764106723289007,10.375748301093278
10.673573088789704,2.9434997843127073,2.75,5.363817704224406,1.6583123951777,3.1,2.0615528128088303,1.8754252851020219,88.53398,11.9,16.3,4.701063709417263,3.7600366484302645,3.332204510175204,50.5,8.179566032724447,8.913612014839337
8.153807207309836,3.910336952725286,2.0,5.916136841548457,1.5811388300841898,3.1,2.0,1.5014526299554043,26.50006,12.8,16.0,4.560701700396552,3.7400477406883357,3.3357695763397,49.6,4.9762191805928175,4.5330907029468674
8.272940910225099,3.910336952725286,2.0,5.916136841548457,1.5811388300841898,3.1,2.0,1.6233514714934656,34.70948,13.1,16.3,4.5934736311423405,3.708682081410116,3.2846635654062037,50.5,5.1938556845239825,4.595664023967813
8.304393457885494,3.4275226679634283,2.0,5.916136841548457,1.5811388300841898,2.9,1.8708286933869707,1.512243366657629,35.84846,13.3,16.6,4.61519230368573,3.686376323895818,3.261935314328648,51.2,5.268051838974525,4.710600209635644
8.33095517529787,2.9434997843127073,2.5,5.916136841548457,1.5811388300841898,3.1,1.8708286933869707,1.4905535884361891,36.7116,13.1,16.4,4.5934736311423405,3.708682081410116,3.288401887516811,50.6,5.395554152962336,4.856787437411261
8.367081676501554,2.9434997843127073,2.5,5.916136841548457,1.5811388300841898,3.1,1.8708286933869707,1.579063013308842,39.82736,13.2,16.6,4.61519230368573,3.6988297849671046,3.269568939183719,51.1,5.366846835770611,4.814940263055096
9.305431436867497,3.6958934973591586,4.0,6.041162187740523,1.855921454156937,3.575,2.0548046676563256,2.19402825870589,68.21743,6.9,11.9,4.54972526643093,4.072439726834051,3.7184382563554808,39.5,7.136559164751888,5.678004447587347
9.615914807441227,3.588588384862621,3.833333333,6.293673104239162,1.855921454156937,3.611111111,2.068278940998476,1.8816349273969166,69.05728,7.5,12.4,4.47213595499958,4.060443010546419,3.7305011288047556,39.9,8.412548447489668,7.94077583604551
9.667184670782705,3.588588384862621,3.666666667,6.293673104239162,1.840893502894722,3.555555556,2.068278940998476,2.19402825870589,71.34772,7.8,12.6,4.494441010848846,4.04305126783455,3.7062280924485496,40.6,8.438127072071634,8.017288931628363
9.77712922897157,3.4275226679634283,3.722222222,6.167009139576892,1.840893502894722,3.533333333,2.0548046676563256,1.8147809785205486,70.85691,7.8,12.6,4.505552130427524,4.039536325727106,3.7062280924485496,40.7,8.754602160373633,8.36876355173682
8.982777067928374,3.6958934973591586,4.0,6.041162187740523,1.855921454156937,3.575,2.0548046676563256,2.19402825870589,66.91931,7.9,12.2,4.43846820423443,4.048300623720694,3.7232808808312687,39.8,6.390648823487941,6.357173069577146
9.11909531833889,3.6958934973591586,3.833333333,6.293673104239162,1.855921454156937,3.5625,2.068278940998476,1.8830932000302056,66.24104,7.8,12.1,4.347413023856832,4.070734696582967,3.7727609380946383,38.8,6.958373504327854,6.740494177985378
9.290527684578539,3.588588384862621,3.666666667,6.293673104239162,1.840893502894722,3.555555556,2.068278940998476,1.9410461097047642,68.32355,8.1,12.8,4.43846820423443,4.036008985209137,3.725693427236653,40.6,7.461824471292159,7.030551209918043
9.340084476871827,3.4275226679634283,3.722222222,6.167009139576892,1.840893502894722,3.533333333,2.0548046676563256,2.2285510988083717,70.39032,7.7,12.5,4.427188724235731,4.055257173514054,3.747148362237912,39.8,7.657783620377792,7.194200355122443
9.293058881113147,3.3738045622947634,3.611111111,6.167009139576892,1.840893502894722,3.533333333,2.0548046676563256,2.227790385112567,76.57348,8.8,13.8,4.54972526643093,3.979681653901961,3.6349511120883804,43.3,7.576500365858659,7.1151851540891045
8.787075279942307,3.6958934973591586,4.0,6.041162187740523,1.855921454156937,3.575,2.0548046676563256,1.6974039000779986,85.44732,7.8,13.0,4.560701700396552,4.019980146933238,3.676300671907076,41.6,6.098428961586064,6.411862045001788
8.881768247132706,3.6422480273595568,4.0,6.167009139576892,1.855921454156937,3.5875,2.0275875100994063,1.6359676035912203,88.07086,7.9,13.2,4.5934736311423405,4.0163830207523885,3.6686767467964168,42.2,6.292492502131849,6.731435720518697
8.98247318182556,3.6958934973591586,3.833333333,6.293673104239162,1.855921454156937,3.5625,2.068278940998476,1.6215424755460461,90.51896,8.0,13.3,4.5934736311423405,4.01096295328305,3.6584202466292277,42.400000000000006,6.569716907500508,6.890573735989246
9.081627067984694,3.588588384862621,3.833333333,6.293673104239162,1.855921454156937,3.611111111,2.068278940998476,1.686312545170675,91.04757,8.6,14.0,4.669047011971501,3.966511190712216,3.594568774642695,44.400000000000006,6.947749317999638,6.991326806821565
9.091886736518006,3.534914395385027,3.777777778,6.167009139576892,1.8708286933869707,3.566666667,2.068278940998476,1.7692851663878268,93.40124,8.7,13.9,4.658325879540846,3.9627161197436642,3.5890591188317256,44.3,6.623996597471192,6.827317744587795
9.176294327103241,3.588588384862621,3.666666667,6.293673104239162,1.840893502894722,3.555555556,2.068278940998476,1.6874299985480878,94.70003,9.2,14.4,4.669047011971501,3.937690752176724,3.5610460826040513,45.400000000000006,7.123892558769784,7.1814502768340915
9.249748567553537,3.4275226679634283,3.722222222,6.167009139576892,1.840893502894722,3.533333333,2.0548046676563256,1.6375622125586557,95.20703,9.4,14.8,4.69041575982343,3.9219733362813143,3.5409593240373143,46.2,7.159612726314994,7.361753968723971
9.276203016075884,3.3738045622947634,3.611111111,6.167009139576892,1.840893502894722,3.533333333,2.0548046676563256,1.7092805504071005,93.43105,9.5,14.8,4.69041575982343,3.9180050771056933,3.535145354171894,46.3,7.589514212966019,7.475101927296392
9.3234351013462,3.3738045622947634,3.555555556,6.167009139576892,1.8708286933869707,3.533333333,2.0548046676563256,1.8125203447134048,97.89767,9.6,14.9,4.701063709417263,3.910021002757473,3.517497837358316,46.6,7.609641109258116,7.379470293338751
9.342362000480195,3.3738045622947634,3.5,6.167009139576892,1.8708286933869707,3.522222222,2.0548046676563256,1.9137763714708154,95.62184,9.8,15.0,4.711687595755898,3.8979240810486444,3.4995332823830174,47.0,7.237427747598348,7.1500532442561875
8.384073142749616,3.1196569480017153,3.318181818,5.916136841548457,1.6922282245607416,3.14,1.9306145983268455,1.5576552892087516,82.84607,11.9,16.3,4.701063709417263,3.7600366484302645,3.332204510175204,50.5,6.353834910685697,6.17222820320541
8.447405718602967,2.9434997843127073,3.333333333,5.63785819857744,1.695582495781317,3.090909091,1.925703334715224,1.5917945847376163,81.23679,8.5,12.8,4.538722287164087,3.9908341858524357,3.6270040503958487,41.900000000000006,6.423586002349685,6.29222260710557
8.563691206809127,2.9875556198905726,3.363636364,6.121151841460059,1.718879127513043,3.218181818,2.0,1.6287878928823114,84.25254,8.8,13.0,4.516635916254486,3.979681653901961,3.6189933266497696,42.2,6.203730263437162,6.02713105519173
10.031277243092013,3.475856226803656,4.1,6.14177424242322,1.6278820596099706,3.62,1.9874606914351791,2.2518303666129027,98.02078,11.3,15.0,4.58257569495584,3.8522730010223722,3.4531571205928664,47.3,8.71360506513516,8.211452088851113
10.113835184146787,3.3791770486642445,4.1,6.14177424242322,1.6278820596099706,3.6,2.0,2.215402897894647,98.58061,11.1,15.1,4.658325879540846,3.8372994592322094,3.4242626545931514,47.9,8.81295526894241,8.356198914454641
10.155698523247182,3.669072523417986,4.3125,6.485191084143741,1.620185174601965,3.7375,2.0463381929681126,2.21853780675471,102.07882,11.6,15.7,4.658325879540846,3.8110970868381857,3.3978584803966405,49.0,8.962397315183816,8.512998280711162
10.191176124966784,3.789739468582781,4.375,6.485191084143741,1.6007810593582121,3.7875,2.0766559657295187,2.1684372252846056,103.83484,11.7,15.8,4.6475800154489,3.8088822465086327,3.3978584803966405,49.1,9.10013513881393,8.59840181203283
10.183395484513854,3.6958934973591586,4.277777778,6.549434072861499,1.6158932857710624,3.733333333,2.0949675149960894,2.358421081995325,106.07156,12.0,16.3,4.69041575982343,3.7727609380946383,3.349904087274605,50.3,8.824084725395304,8.339995057868842
10.213232563502,3.6958934973591586,4.277777778,6.678522274489564,1.6329931619575142,3.755555556,2.0816659994661326,2.3244117535410975,106.94795,11.8,15.9,4.679743582719036,3.793239469438179,3.3775875160230218,49.6,8.902207393605602,8.449891008210276
10.195056187509618,3.669072523417986,4.1875,6.775863266611121,1.695582495781317,3.7375,2.0463381929681126,2.2630223154003586,106.81678,11.9,15.8,4.6475800154489,3.8022081394209395,3.391147045808654,49.3,8.968960310821297,8.638549525068031
11.626915538654568,2.9434997843127073,2.75,5.363817704224406,1.6583123951777,3.1,2.0615528128088303,1.9929576011546257,111.14769,11.9,16.3,4.701063709417263,3.7600366484302645,3.332204510175204,50.5,9.380532705832202,10.320745815376458
11.871097757323092,3.4275226679634283,2.5,5.363817704224406,1.5811388300841898,3.2,2.0615528128088303,2.1306477888191657,101.05862,11.9,16.3,4.701063709417263,3.7600366484302645,3.332204510175204,50.5,9.515143975545717,10.686251279870437
9.16984124199623,3.475856226803656,4.1,6.14177424242322,1.6278820596099706,3.62,1.9874606914351791,1.859214888064314,83.71563,11.9,16.3,4.701063709417263,3.7600366484302645,3.332204510175204,50.5,7.5490284860016414,7.171392580198069
9.525343793981742,3.669072523417986,4.3125,6.485191084143741,1.620185174601965,3.7375,2.0463381929681126,2.055062042859047,89.2293,11.4,16.6,4.8166378315169185,3.7909846770510898,3.3463891451671604,51.2,8.123514957512612,7.569914831984726
9.71919084641836,3.6958934973591586,4.277777778,6.549434072861499,1.6158932857710624,3.733333333,2.0949675149960894,2.040053920856015,97.94383,11.8,16.9,4.868264577855234,3.7495040759303713,3.2846635654062037,52.4,7.889525816626553,7.597562335651861
9.761742520137103,3.6958934973591586,4.277777778,6.678522274489564,1.6329931619575142,3.755555556,2.0816659994661326,1.8597015889652835,100.23869,11.8,17.1,4.919349550499537,3.7400477406883357,3.258096538021482,53.1,8.02732271466749,7.800386037855182
9.841822233131765,3.669072523417986,4.1875,6.775863266611121,1.695582495781317,3.7375,2.0463381929681126,1.7400431029144077,100.41964,11.6,17.1,4.959838707054898,3.742420221041966,3.254242968705492,53.3,8.240465678192997,8.043228869787963
9.8939517307622,3.669072523417986,4.25,6.775863266611121,1.7320508075688772,3.75,2.0766559657295187,1.714511592261773,99.36214,11.5,17.1,4.929503017546495,3.756538102587751,3.2771447329921766,52.900000000000006,8.161609542888742,7.968263970351081
6.822175603890787,3.4275226679634283,3.5,7.0705664903559216,1.7320508075688772,3.6,1.8708286933869707,2.19402825870589,15.98657,8.1,11.7,4.1952353926806065,4.07753744390572,3.8044377947482086,37.4,3.7486872459560177,2.8683506022705454
7.182374907978013,3.910336952725286,4.0,8.288775033226226,1.8708286933869707,4.0,2.0,2.224884266652987,32.76186,9.1,12.7,4.301162633521313,4.009149716158869,3.708682081410116,40.3,4.805639599067744,3.1901007958409755
7.316441859239065,4.3920665104872585,4.0,8.288775033226226,1.8708286933869707,4.1,2.1213203435596424,2.24230907771431,40.15979,9.6,13.2,4.358898943540674,3.9740583963475986,3.6609942506244004,41.8,5.190729195317665,4.044272666690264
7.710330690815712,2.9434997843127073,3.0,5.916136841548457,1.8708286933869707,2.8,2.0,2.291543148186392,43.17042,11.9,16.3,4.701063709417263,3.7600366484302645,3.332204510175204,50.5,5.734600793803018,3.096952767752791
7.955176022472035,2.4581128486612207,3.0,4.828682739953337,1.8708286933869707,3.0,2.0,3.124755990473496,52.9637,12.7,16.8,4.753945729601885,3.7013019741124933,3.2268439945173775,52.1,6.424469724219602,3.5845016842370634
10.736695761175426,2.9434997843127073,2.75,5.363817704224406,1.6583123951777,3.1,2.0615528128088303,2.3304355816027185,86.16687,11.9,16.3,4.701063709417263,3.7600366484302645,3.332204510175204,50.5,7.760818013170067,8.90790262239484
7.78609904614093,3.4275226679634283,3.5,5.916136841548457,1.7320508075688772,3.4,2.1213203435596424,2.2664884733878528,22.01669,10.7,15.2,4.701063709417263,3.845883202923601,3.4339872044851463,48.0,5.767459619557849,4.905466142807585
7.895618485637222,3.910336952725286,3.5,5.916136841548457,1.7320508075688772,3.4,2.0,2.3664298003532664,35.5977,11.9,16.3,4.701063709417263,3.7600366484302645,3.332204510175204,50.5,5.946018854400434,5.1206958326607435
9.457134822754295,3.6958934973591586,4.277777778,6.678522274489564,1.6329931619575142,3.755555556,2.0816659994661326,2.14162321616105,91.42763,11.9,16.3,4.701063709417263,3.7600366484302645,3.332204510175204,50.5,7.738963383711782,7.203621550602124
9.542146740343966,3.669072523417986,4.25,6.775863266611121,1.7320508075688772,3.75,2.0766559657295187,2.1039415391117693,94.16962,10.9,16.3,4.8166378315169185,3.828641396489095,3.391147045808654,50.400000000000006,7.874660837356901,7.35294581428129
10.07969210521623,3.475856226803656,4.1,6.14177424242322,1.6278820596099706,3.62,1.9874606914351791,2.3627124243123623,97.12325,14.6,18.2,4.764451699828638,3.572345637857985,3.0726933146901194,55.5,9.191343563901343,9.09906146973891
10.1550148470483,3.3791770486642445,4.1,6.14177424242322,1.6278820596099706,3.6,2.0,2.361268726765338,96.83547,14.7,18.2,4.764451699828638,3.5667118201397288,3.0633909220278057,55.6,9.347345058031626,9.254974523484584
10.224651788732764,3.669072523417986,4.3125,6.485191084143741,1.620185174601965,3.7375,2.0463381929681126,2.25944462202551,98.25645,14.7,18.2,4.753945729601885,3.5667118201397288,3.0633909220278057,55.5,9.589239172694338,9.484735916556794
10.295708340560527,3.789739468582781,4.375,6.485191084143741,1.6007810593582121,3.7875,2.0766559657295187,2.2596659045088945,98.10135,14.9,18.3,4.753945729601885,3.5553480614894135,3.0492730404820207,55.8,9.730001221765283,9.580055134853207
10.223358823924093,3.6958934973591586,4.277777778,6.549434072861499,1.6158932857710624,3.733333333,2.0949675149960894,2.3597860072472674,97.79404,14.6,18.2,4.764451699828638,3.5751506887855933,3.0726933146901194,55.5,9.369008146814956,9.304361452595499
10.233743364306948,3.6958934973591586,4.277777778,6.678522274489564,1.6329931619575142,3.755555556,2.0816659994661326,2.358497403008958,97.85898,14.7,18.2,4.764451699828638,3.5779478934066544,3.077312260546414,55.6,9.471283414387901,9.386697170122527
10.272716662128735,3.669072523417986,4.1875,6.775863266611121,1.695582495781317,3.7375,2.0463381929681126,2.359158748367731,97.8459,14.7,18.2,4.753945729601885,3.5779478934066544,3.0819099697950434,55.5,9.630193584755268,9.55534910128858
10.276561002987474,3.669072523417986,4.25,6.775863266611121,1.7320508075688772,3.75,2.0766559657295187,2.3794137933533124,97.85595,14.6,18.2,4.753945729601885,3.5890591188317256,3.0955776085237074,55.4,9.532277018515076,9.485301581917433
9.263040975639337,2.997344292773568,3.25,5.4243464381130195,1.6749792703194866,3.144444444,1.848422751068236,2.250157772246204,88.91318,4.7,7.5,3.7682887362833544,4.276666119016055,4.01096295328305,26.4,7.024401839718138,6.866584760641245
9.44612607348946,2.9165712468425653,3.25,5.363817704224406,1.6414763001639714,3.138888889,1.8708286933869707,2.2059034430364353,89.49576,4.9,8.1,3.9749213828703582,4.244200317766478,3.9569963710708773,28.8,7.45775855597493,7.288762379399258
9.455081800905058,2.8627014562656012,3.333333333,5.546037682954192,1.598610507909916,3.2,1.8856180831641267,2.3920137959468377,90.25352,4.7,8.0,3.987480407475377,4.247065649239764,3.9569963710708773,28.6,7.377660624389588,7.372002782426327
9.514660510955897,2.9704241230880806,3.305555556,5.4243464381130195,1.598610507909916,3.255555556,1.8782379449307742,2.460951035677061,93.80908,4.8,8.2,4.06201920231798,4.237000862623624,3.9415818076696905,29.5,7.509013447335067,7.4341312331312
10.225858329277667,3.475856226803656,4.1,6.14177424242322,1.6278820596099706,3.62,1.9874606914351791,2.032247524294223,117.51314,12.8,17.4,4.8166378315169185,3.703768066607687,3.2308043957334744,53.4,8.800078840868437,8.393295627112852
10.332643796314262,3.3791770486642445,4.1,6.14177424242322,1.6278820596099706,3.6,2.0,2.0414700585607424,117.54267,12.5,17.2,4.8166378315169185,3.7232808808312687,3.254242968705492,52.9,8.913185712758903,8.480713266931877
10.388215063959553,3.669072523417986,4.3125,6.485191084143741,1.620185174601965,3.7375,2.0463381929681126,2.0575009112999196,117.50554,12.2,16.9,4.806245936279167,3.7376696182833684,3.280911215787653,52.2,9.065672384674745,8.632705221560212
10.41223912694797,3.789739468582781,4.375,6.485191084143741,1.6007810593582121,3.7875,2.0766559657295187,2.121556032726923,117.6678,12.3,17.0,4.806245936279167,3.7376696182833684,3.280911215787653,52.400000000000006,9.117394323941307,8.712195130390949
10.37641565134909,3.6958934973591586,4.277777778,6.549434072861499,1.6158932857710624,3.733333333,2.0949675149960894,2.206311401411868,118.39464,12.2,16.9,4.8166378315169185,3.7495040759303713,3.292126286607793,52.3,8.73256871841809,8.479072528756193
10.363507131610206,3.6958934973591586,4.277777778,6.678522274489564,1.6329931619575142,3.755555556,2.0816659994661326,2.1952767479295177,124.38406,12.0,16.8,4.8166378315169185,3.754198920234579,3.295836866004329,52.0,8.829363372733457,8.578514780147186
10.369388088094013,3.669072523417986,4.1875,6.775863266611121,1.695582495781317,3.7375,2.0463381929681126,2.2060167723750426,128.59216,11.8,16.9,4.847679857416329,3.756538102587751,3.292126286607793,52.2,8.966017945678097,8.76439039880387
10.364742712778312,3.669072523417986,4.25,6.775863266611121,1.7320508075688772,3.75,2.0766559657295187,2.102117979562517,131.03416,11.9,17.0,4.8373546489791295,3.751854253275325,3.288401887516811,52.3,8.86676027986012,8.734832862320882
10.387315804794184,3.669072523417986,4.1875,6.630020290481129,1.7320508075688772,3.725,2.0766559657295187,2.0748349331934817,131.08604,11.7,17.0,4.868264577855234,3.758871825933971,3.292126286607793,52.4,8.880744404124929,8.812416695819946
9.026094164229253,3.910336952725286,4.0,5.916136841548457,1.7320508075688772,3.7,1.8708286933869707,1.310625804720783,96.93236,11.9,16.3,4.701063709417263,3.7600366484302645,3.332204510175204,50.5,6.3947696339079245,5.9983711638379615
9.24187779797434,3.910336952725286,4.0,5.916136841548457,1.7320508075688772,3.6,2.0,1.2231802810706196,99.64744,11.0,14.6,4.527692569068709,3.8628327612373745,3.493472657771326,46.1,6.747549104639045,6.102147263206971
10.441309572169157,3.475856226803656,4.1,6.14177424242322,1.6278820596099706,3.62,1.9874606914351791,2.561154036757649,104.11052,14.4,18.2,4.806245936279167,3.6000482404073204,3.0955776085237074,55.7,9.420021841231689,9.576880640020878
10.538176887124466,3.3791770486642445,4.1,6.14177424242322,1.6278820596099706,3.6,2.0,2.531932068598998,103.63069,14.3,18.0,4.78539444560216,3.6000482404073204,3.0955776085237074,55.2,9.546678363558367,9.694636285582732
10.619162076352556,3.669072523417986,4.3125,6.485191084143741,1.620185174601965,3.7375,2.0463381929681126,2.493004211789463,102.63951,14.3,17.8,4.774934554525329,3.616308761279101,3.122364924487357,54.900000000000006,9.72354822324363,9.824526473277794
10.649210579661846,3.789739468582781,4.375,6.485191084143741,1.6007810593582121,3.7875,2.0766559657295187,2.5279873417404604,101.59046,14.1,17.6,4.774934554525329,3.6349511120883804,3.152736022363656,54.5,9.816264451267747,9.900756612755211
10.603632193664362,3.6958934973591586,4.277777778,6.549434072861499,1.6158932857710624,3.733333333,2.0949675149960894,2.61873824579701,99.69329,14.3,17.8,4.795831523312719,3.616308761279101,3.1135153092103742,55.1,9.465042293249788,9.554055249764925
10.650714691127341,3.6958934973591586,4.277777778,6.678522274489564,1.6329931619575142,3.755555556,2.0816659994661326,2.5733246977402597,98.19066,14.2,17.8,4.774934554525329,3.6270040503958487,3.126760535960395,54.8,9.671962428315203,9.734625057466477
10.705703913148602,3.669072523417986,4.1875,6.775863266611121,1.695582495781317,3.7375,2.0463381929681126,2.54776568781354,96.91104,14.3,17.8,4.795831523312719,3.6189933266497696,3.1179499062782403,55.1,9.837714124303943,9.892437980757771
10.724003456673826,3.669072523417986,4.25,6.775863266611121,1.7320508075688772,3.75,2.0766559657295187,2.7669821105312553,98.03959,14.3,17.9,4.795831523312719,3.6216707044204863,3.1179499062782403,55.2,9.757667753700241,9.804517154332308
10.743186399127747,3.669072523417986,4.1875,6.630020290481129,1.7320508075688772,3.725,2.0766559657295187,2.7780802724183475,128.46305,14.0,17.7,4.8166378315169185,3.6402142821326553,3.144152278672264,54.9,9.724850495540082,9.766952900467954
9.230060642939996,3.1196569480017153,3.318181818,5.916136841548457,1.6922282245607416,3.14,1.9306145983268455,1.98458811847698,71.55975,11.9,16.3,4.701063709417263,3.7600366484302645,3.332204510175204,50.5,7.493444103822753,7.42288864935709
9.301386929994525,2.9434997843127073,3.333333333,5.63785819857744,1.695582495781317,3.090909091,1.925703334715224,2.0125531048894088,71.7623,9.9,14.3,4.626013402488151,3.9019726695746444,3.5115454388310208,45.6,7.570372652972923,7.585765104514646
9.373354228977133,2.9875556198905726,3.363636364,5.71333441338356,1.718879127513043,3.154545455,1.9188064472004938,1.8981938784012553,77.44215,10.3,14.7,4.658325879540846,3.8649313978942956,3.459466289786131,46.7,7.674271833760129,7.740250649167782
9.401982523427288,2.9875556198905726,3.363636364,5.71333441338356,1.7320508075688772,3.181818182,1.9540168418367887,1.8730990363565938,78.2238,10.1,14.6,4.658325879540846,3.8753590210565547,3.4688560301359703,46.4,7.8837744769726745,7.868518855239713
9.39425815412433,2.9875556198905726,3.363636364,6.121151841460059,1.718879127513043,3.218181818,2.0,1.9656551070826234,80.85283,10.3,14.8,4.669047011971501,3.8607297110405954,3.4531571205928664,46.900000000000006,7.587617740210387,7.718582559105503
9.471929720889541,2.9875556198905726,3.363636364,6.4327784637840075,1.7320508075688772,3.263636364,1.9886038958388508,1.873582130572343,83.62145,10.4,14.8,4.658325879540846,3.8607297110405954,3.456316680883235,46.900000000000006,7.890817700752356,7.9592229940501715
9.494399890896815,2.906212993455787,3.307692308,6.002605124546738,1.7541160386359849,3.176923077,1.9709427654336857,2.1927790586376914,87.44397,11.1,15.1,4.626013402488151,3.8308129500026027,3.4307561839036995,47.6,8.109582932137124,8.111072381941554
9.587948382455194,2.839609164034149,3.285714286,5.916136841548457,1.7728105208961278,3.178571429,1.9820624179302297,2.1301830907224852,87.12412,10.4,14.8,4.669047011971501,3.856510295497887,3.4468078929142076,47.0,8.183371971299154,8.107773866408918
9.621860445062701,2.8465371836243163,3.3,5.693176665433424,1.760681686165901,3.133333333,1.9916492328386208,2.031174537059777,86.20559,10.8,15.1,4.701063709417263,3.8308129500026027,3.407841924380824,48.0,8.189865557013217,8.09725891254135
7.205650024110084,2.9434997843127073,3.0,2.870531142068481,1.4142135623730951,2.6,2.0,1.8457762594637521,45.02997,11.9,16.3,4.701063709417263,3.7600366484302645,3.332204510175204,50.5,4.651639438142842,4.159084227312898
7.382914346091291,2.4581128486612207,3.0,4.828682739953337,1.5811388300841898,3.0,2.0,2.1064353775988476,54.70859,8.7,13.4,4.636809247747852,3.9627161197436642,3.56953269648137,43.6,5.620658341870793,4.996098621346991
8.988846708847616,2.9434997843127073,2.75,5.363817704224406,1.6583123951777,3.1,2.0615528128088303,2.5399940944813237,84.80422,11.2,15.6,4.701063709417263,3.822098297900159,3.40452517175483,48.9,7.146128768887883,6.918827784158587
9.252397443474768,3.4275226679634283,2.5,5.363817704224406,1.5811388300841898,3.2,2.0615528128088303,2.5009558172826645,90.42879,11.6,16.1,4.753945729601885,3.7819143200811256,3.332204510175204,50.3,7.620719871443124,7.319008739270552
7.312039690342139,3.910336952725286,3.5,8.288775033226226,1.7320508075688772,3.9,2.0,2.19402825870589,19.55326,9.9,13.8,4.516635916254486,3.927896354584436,3.56953269648137,44.1,4.310829401761983,3.4040065318241965
7.609896888121659,3.910336952725286,3.5,7.0705664903559216,1.5811388300841898,3.8,2.0,1.803967848937447,27.36668,9.8,13.5,4.427188724235731,3.955082494888593,3.6216707044204863,42.900000000000006,4.914217565182773,3.9299440230394636
7.647514061891875,3.910336952725286,3.5,7.0705664903559216,1.5811388300841898,3.7,2.0,1.5014859306700146,27.14043,11.9,16.3,4.701063709417263,3.7600366484302645,3.332204510175204,50.5,4.978252912054429,3.9327448379496084
8.883932717106998,3.475856226803656,4.1,6.14177424242322,1.6278820596099706,3.62,1.9874606914351791,2.4613979767603613,96.99604,13.3,17.2,4.753945729601885,3.6635616461296463,3.186352633162641,53.1,6.643577731754621,6.58979103039655
8.99405326145846,3.3791770486642445,4.1,6.14177424242322,1.6278820596099706,3.6,2.0,2.491732329123656,97.67863,13.1,17.0,4.722287581247038,3.6838669122903918,3.2228678461377385,52.400000000000006,6.870314614927535,6.7105654064422335
9.10563297632238,3.669072523417986,4.3125,6.485191084143741,1.620185174601965,3.7375,2.0463381929681126,2.480161285078049,97.06345,13.8,17.6,4.743416490252569,3.6270040503958487,3.1354942159291497,53.900000000000006,7.173173462650551,6.966855136347793
9.152228091585442,3.789739468582781,4.375,6.485191084143741,1.6007810593582121,3.7875,2.0766559657295187,2.5357306639310098,96.05105,13.9,17.6,4.743416490252569,3.6216707044204863,3.131136910560194,54.0,7.521970443892687,7.27818796729443
8.998947510094634,3.6958934973591586,4.277777778,6.549434072861499,1.6158932857710624,3.733333333,2.0949675149960894,2.7038639019003896,94.93582,14.2,17.8,4.743416490252569,3.594568774642695,3.100092288878234,54.5,6.894765944167843,6.7603562218932955
9.054964108094175,3.6958934973591586,4.277777778,6.678522274489564,1.6329931619575142,3.755555556,2.0816659994661326,2.19402825870589,95.09127,14.3,17.9,4.732863826479693,3.5890591188317256,3.091042453358316,54.6,7.189238048406045,7.023046532477809
9.132137720360674,3.669072523417986,4.1875,6.775863266611121,1.695582495781317,3.7375,2.0463381929681126,2.4824141475587833,93.24954,14.4,18.0,4.743416490252569,3.580737295494233,3.077312260546414,54.9,7.500177882563534,7.3114628599899625
9.180536619736838,3.669072523417986,4.25,6.775863266611121,1.7320508075688772,3.75,2.0766559657295187,2.5869538070866285,97.10629,14.3,17.9,4.753945729601885,3.58351893845611,3.0819099697950434,54.8,7.5271358693825245,7.318326144993688
9.315785384064085,3.669072523417986,4.1875,6.630020290481129,1.7320508075688772,3.725,2.0766559657295187,2.5829537355516066,98.34995,14.5,17.9,4.711687595755898,3.586292865338835,3.0955776085237074,54.6,7.434484952413113,7.239197279514493
10.39659869730597,3.475856226803656,4.1,6.14177424242322,1.6278820596099706,3.62,1.9874606914351791,2.2792542640082964,105.38728,11.8,16.2,4.701063709417263,3.7796338173824005,3.3603753871419,50.1,9.076829415461376,8.780058036013163
10.45601168257369,3.3791770486642445,4.1,6.14177424242322,1.6278820596099706,3.6,2.0,2.2873718543341397,98.29451,11.8,16.0,4.679743582719036,3.7909846770510898,3.3775875160230218,49.7,9.220810646696425,8.927703616489827
10.478618357718094,3.669072523417986,4.3125,6.485191084143741,1.620185174601965,3.7375,2.0463381929681126,2.270127749709254,96.93358,12.0,16.5,4.743416490252569,3.756538102587751,3.3141860046725258,51.0,9.31367132783849,8.90985341047786
10.512492236929655,3.789739468582781,4.375,6.485191084143741,1.6007810593582121,3.7875,2.0766559657295187,2.2604026190039685,97.78373,11.8,16.2,4.711687595755898,3.7773481021015445,3.353406717825807,50.2,9.342512211207369,8.961854552262292
10.465824206983402,3.6958934973591586,4.277777778,6.549434072861499,1.6158932857710624,3.733333333,2.0949675149960894,2.304163622662245,99.36228,11.9,16.2,4.711687595755898,3.7727609380946383,3.3463891451671604,50.3,9.089911821997713,8.661383500720245
10.507255008329029,3.6958934973591586,4.277777778,6.678522274489564,1.6329931619575142,3.755555556,2.0816659994661326,2.4373346097735533,101.90886,12.2,16.5,4.722287581247038,3.7495040759303713,3.3105430133940246,51.0,9.210366881775574,8.81352342715946
10.525720463333686,3.669072523417986,4.1875,6.775863266611121,1.695582495781317,3.7375,2.0463381929681126,2.400427045340058,92.84833,12.3,16.6,4.743416490252569,3.7376696182833684,3.292126286607793,51.400000000000006,9.336530018004588,9.009244274097506
10.596039305864457,3.669072523417986,4.1875,6.630020290481129,1.7320508075688772,3.725,2.0766559657295187,2.384585917932084,124.42597,12.3,16.7,4.774934554525329,3.725693427236653,3.269568939183719,51.8,9.234990169880916,9.053338601145615
9.407311596462694,3.6958934973591586,4.0,6.041162187740523,1.855921454156937,3.575,2.0548046676563256,1.647652876063402,101.21551,11.9,16.3,4.701063709417263,3.7600366484302645,3.332204510175204,50.5,7.0648960563961944,6.939656696225983
9.47647291218144,3.6422480273595568,4.0,6.167009139576892,1.855921454156937,3.5875,2.0275875100994063,1.697132876353528,100.81205,8.8,13.5,4.604345773288535,3.9627161197436642,3.58351893845611,43.5,7.277671109043611,7.091556919865065
9.780719738489887,3.588588384862621,3.666666667,6.293673104239162,1.840893502894722,3.555555556,2.068278940998476,2.19402825870589,90.29585,9.2,14.0,4.6475800154489,3.933784497209659,3.543853682063679,44.8,7.852681653122513,7.60420964065043
7.883762926714646,3.4275226679634283,3.5,5.916136841548457,1.7320508075688772,3.0,1.7320508075688772,2.19402825870589,59.5327,11.2,15.6,4.679743582719036,3.817712325956905,3.40452517175483,48.7,7.02596599277813,5.2423692533318045
8.592703180285051,3.4275226679634283,4.5,8.288775033226226,1.7320508075688772,4.0,1.8708286933869707,2.5070580368232402,96.59815,10.8,15.0,4.626013402488151,3.856510295497887,3.462606009790799,47.2,6.878913870264077,6.718291084115173
